이름,Text,날짜,태그
프로젝트 주제 선정 (BR&SR),,2026년 10월 1일,
휴일,,2026년 10월 5일,
과제_1001,,2026년 10월 1일,
역할 분담,,2026년 10월 2일,
최종 프로젝트 종료일,,2026년 10월 16일,
AMR 카메라 싱크 맞추기,,2026년 10월 2일,
slam & nav,,2026년 10월 2일,
AMR yolo학습,,2026년 10월 2일,
1002_과제,,2026년 10월 2일,
수업,,2026년 10월 6일,
가상환경에서 테스트해보기,,2026년 10월 6일,
1006_과제,,2026년 10월 6일,
역할 분담,,2026년 10월 7일,
17:00 발표,,2026년 10월 7일,
짧발,,2026년 10월 7일,
최종 프로젝트 주제 선정,,2026년 10월 8일,
I. TIMELINE_수정1,,2026년 10월 8일,
"비즈니스요구서01_수정1근거: 2.1.1~2.1.3, 2.2.1, 4.1~4.2.",,2026년 10월 8일,
"오전 발표 준비(문제 정의 및 상황분석, 유즈케이스, 요구사항)",,2026년 10월 8일,