format,split,metric,count,min,p25,median,p75,max,mean,std
YOLO,train,center_x,241,0.01065340909090909,0.265625,0.4865056818181818,0.7017045454545454,0.9957386363636364,0.4860282676348548,0.26739016875907723
YOLO,train,center_y,241,0.026278409090909092,0.08451704545454546,0.1846590909090909,0.2556818181818182,0.296875,0.17442120897774427,0.08033293829523105
YOLO,train,width,241,0.008522727272727272,0.109375,0.171875,0.24857954545454544,0.4034090909090909,0.18231917201056208,0.08558385169528229
YOLO,train,height,241,0.04403409090909091,0.09090909090909091,0.140625,0.1534090909090909,0.20880681818181818,0.13072897019992455,0.03730238459185937
YOLO,train,area,241,0.0005932011880165288,0.009914934142561983,0.023243801652892557,0.04356195118801653,0.056929154829545456,0.02561373475328778,0.015938457362274373
YOLO,train,aspect_ratio,241,0.12244897959183675,1.2033898305084745,1.2608695652173914,1.4423076923076923,6.454545454545454,1.411118800189055,0.6862050057000599
YOLO,val,center_x,66,0.027698863636363636,0.228515625,0.4865056818181818,0.7033025568181818,0.9517045454545454,0.46218577823691465,0.2690181688055551
YOLO,val,center_y,66,0.03977272727272727,0.1015625,0.2098721590909091,0.2642045454545454,0.2890625,0.19107265840220386,0.08097223044239191
YOLO,val,width,66,0.05113636363636364,0.10369318181818182,0.140625,0.23117897727272727,0.375,0.17523243801652888,0.08356924158735424
YOLO,val,height,66,0.02556818181818182,0.08806818181818182,0.12002840909090909,0.1534090909090909,0.203125,0.12495695592286503,0.04075369487795764
YOLO,val,area,66,0.0013074638429752066,0.00942362635588843,0.017799062177169422,0.036209484762396695,0.055974786931818184,0.023819455042417982,0.015865457935575998
YOLO,val,aspect_ratio,66,0.29770992366412213,1.222686669720568,1.2595186781609196,1.348148148148148,4.714285714285714,1.4251211944440831,0.6102932095360579
YOLO,test,center_x,33,0.06534090909090909,0.25426136363636365,0.4616477272727273,0.7009943181818182,0.9282670454545454,0.46610278925619836,0.2511421721292511
YOLO,test,center_y,33,0.014204545454545454,0.09588068181818182,0.1612215909090909,0.2634943181818182,0.28764204545454547,0.17200413223140495,0.08234487772657799
YOLO,test,width,33,0.08380681818181818,0.11505681818181818,0.2059659090909091,0.25,0.37926136363636365,0.19537706611570246,0.08060003156182526
YOLO,test,height,33,0.028409090909090908,0.09090909090909091,0.14204545454545456,0.1747159090909091,0.19886363636363635,0.1337809917355372,0.044327416770452335
YOLO,test,area,33,0.0060712325671487604,0.010201446280991736,0.026492284349173553,0.039597188145661155,0.054574509297520654,0.027820842235631103,0.015964407832781958
YOLO,test,aspect_ratio,33,0.7769230769230769,1.2301587301587302,1.253968253968254,1.3363636363636364,9.5,1.6615742530557067,1.476707131881269
COCO,train,center_x,241,0.01065340909090909,0.265625,0.4865056818181818,0.7017045454545454,0.9957386363636364,0.4860282676348548,0.26739016875907723
COCO,train,center_y,241,0.026278409090909092,0.08451704545454546,0.1846590909090909,0.2556818181818182,0.296875,0.17442120897774424,0.08033293829523105
COCO,train,width,241,0.008522727272727272,0.109375,0.171875,0.24857954545454544,0.4034090909090909,0.18231917201056205,0.08558385169528229
COCO,train,height,241,0.04403409090909091,0.09090909090909091,0.140625,0.1534090909090909,0.20880681818181818,0.13072897019992455,0.03730238459185937
COCO,train,area,241,0.0005932011880165289,0.009914934142561983,0.02324380165289256,0.04356195118801653,0.056929154829545456,0.025613734753287782,0.015938457362274377
COCO,train,aspect_ratio,241,0.12244897959183673,1.2033898305084745,1.2608695652173914,1.4423076923076923,6.454545454545454,1.4111188001890547,0.6862050057000599
COCO,val,center_x,66,0.027698863636363636,0.228515625,0.4865056818181818,0.7033025568181818,0.9517045454545454,0.4621857782369146,0.2690181688055551
COCO,val,center_y,66,0.03977272727272727,0.1015625,0.2098721590909091,0.2642045454545454,0.2890625,0.19107265840220386,0.0809722304423919
COCO,val,width,66,0.05113636363636364,0.10369318181818182,0.140625,0.23117897727272727,0.375,0.1752324380165289,0.08356924158735424
COCO,val,height,66,0.02556818181818182,0.08806818181818182,0.12002840909090909,0.1534090909090909,0.203125,0.12495695592286503,0.04075369487795764
COCO,val,area,66,0.0013074638429752066,0.00942362635588843,0.017799062177169422,0.036209484762396695,0.055974786931818184,0.02381945504241798,0.015865457935575998
COCO,val,aspect_ratio,66,0.29770992366412213,1.222686669720568,1.2595186781609196,1.348148148148148,4.714285714285714,1.4251211944440831,0.6102932095360579
COCO,test,center_x,33,0.06534090909090909,0.25426136363636365,0.4616477272727273,0.7009943181818182,0.9282670454545454,0.4661027892561984,0.25114217212925105
COCO,test,center_y,33,0.014204545454545454,0.09588068181818182,0.1612215909090909,0.2634943181818182,0.28764204545454547,0.17200413223140495,0.08234487772657799
COCO,test,width,33,0.08380681818181818,0.11505681818181818,0.2059659090909091,0.25,0.37926136363636365,0.1953770661157025,0.08060003156182527
COCO,test,height,33,0.028409090909090908,0.09090909090909091,0.14204545454545456,0.1747159090909091,0.19886363636363635,0.1337809917355372,0.044327416770452335
COCO,test,area,33,0.0060712325671487604,0.010201446280991736,0.026492284349173553,0.039597188145661155,0.05457450929752066,0.027820842235631107,0.01596440783278196
COCO,test,aspect_ratio,33,0.7769230769230769,1.2301587301587302,1.253968253968254,1.3363636363636364,9.5,1.6615742530557067,1.476707131881269
