split_a,image_a,split_b,image_b,dhash_distance,reasons
train,_img_100_jpg.rf.44861a88fb31680e034b37bd811bdaa2.jpg,val,_img_102_jpg.rf.15df5e44c1609a03e07b711ad83d05ca.jpg,4,similar_dhash
train,_img_100_jpg.rf.44861a88fb31680e034b37bd811bdaa2.jpg,val,_img_98_jpg.rf.813e25038d1c64c2c600edb917a3e44b.jpg,4,similar_dhash
train,_img_100_jpg.rf.44861a88fb31680e034b37bd811bdaa2.jpg,test,_img_103_jpg.rf.ece2f0477b1a123805161024fffb2a09.jpg,4,similar_dhash
train,_img_101_jpg.rf.dbac8e68a64080ddd978cfba33430d63.jpg,val,_img_102_jpg.rf.15df5e44c1609a03e07b711ad83d05ca.jpg,0,similar_dhash
train,_img_101_jpg.rf.dbac8e68a64080ddd978cfba33430d63.jpg,test,_img_103_jpg.rf.ece2f0477b1a123805161024fffb2a09.jpg,4,similar_dhash
train,_img_106_jpg.rf.b25898a4e91add064752320c6e4a8ef1.jpg,val,_img_102_jpg.rf.15df5e44c1609a03e07b711ad83d05ca.jpg,2,similar_dhash
train,_img_106_jpg.rf.b25898a4e91add064752320c6e4a8ef1.jpg,test,_img_103_jpg.rf.ece2f0477b1a123805161024fffb2a09.jpg,4,similar_dhash
train,_img_117_jpg.rf.056d664de6c615443a0458b934fd4b39.jpg,test,_img_113_jpg.rf.15037a6b05996328225299421d3833a5.jpg,5,similar_dhash
train,_img_120_jpg.rf.e1f611614c84c0eb7a904aeaa8a7f6ab.jpg,val,_img_119_jpg.rf.a61f32ba58554a90e079b1e4141e9187.jpg,2,similar_dhash
train,_img_136_jpg.rf.77353cfe67cc1a40f3f2a9b60d797b7b.jpg,test,_img_137_jpg.rf.1a7be940d2249f2de1df2538cc110c8b.jpg,1,similar_dhash
train,_img_144_jpg.rf.bfe91bba68dddcf422d309b28987d4bb.jpg,test,_img_137_jpg.rf.1a7be940d2249f2de1df2538cc110c8b.jpg,5,similar_dhash
train,_img_201_jpg.rf.47fa2a7faf50d80bc7500e19830827ea.jpg,test,_img_206_jpg.rf.6682750ffa64a66c8d8ae3701ee7efd3.jpg,3,similar_dhash
train,_img_224_jpg.rf.867674381395674e61a128265a8c1c01.jpg,val,_img_225_jpg.rf.ec179606bea60b3b40710c47e87b0c8e.jpg,3,similar_dhash
train,_img_314_jpg.rf.52849c82f5b9545d4d3cfd278f7219cf.jpg,val,_img_313_jpg.rf.9a836ab07d106daa7ad59de85d2202e6.jpg,4,similar_dhash
train,_img_315_jpg.rf.300022ccc4ed07912d69fa9dbb8de845.jpg,val,_img_316_jpg.rf.a74685043183a59bb749fa054db86808.jpg,4,similar_dhash
train,_img_317_jpg.rf.610bbf01036400def59f327021a48d90.jpg,val,_img_316_jpg.rf.a74685043183a59bb749fa054db86808.jpg,3,similar_dhash
train,_img_351_jpg.rf.9f7507559c25ca26d46c12e6d985ab2f.jpg,test,_img_353_jpg.rf.97b5ba3226369fd5b20358babca447e6.jpg,3,similar_dhash
train,_img_351_jpg.rf.9f7507559c25ca26d46c12e6d985ab2f.jpg,test,_img_357_jpg.rf.a4fc470e21bfd384290afb6f7cd3c88e.jpg,4,similar_dhash
train,_img_352_jpg.rf.89482d50b6f80c80e96ca9218af14d14.jpg,test,_img_353_jpg.rf.97b5ba3226369fd5b20358babca447e6.jpg,0,similar_dhash
train,_img_354_jpg.rf.a7d7901deead32d6d012531e195672eb.jpg,test,_img_353_jpg.rf.97b5ba3226369fd5b20358babca447e6.jpg,0,similar_dhash
train,_img_355_jpg.rf.045b641d7b63b4953c11aa23e882a468.jpg,test,_img_353_jpg.rf.97b5ba3226369fd5b20358babca447e6.jpg,3,similar_dhash
train,_img_355_jpg.rf.045b641d7b63b4953c11aa23e882a468.jpg,test,_img_357_jpg.rf.a4fc470e21bfd384290afb6f7cd3c88e.jpg,4,similar_dhash
train,_img_356_jpg.rf.64abe3fa33c2687cfaef92deb5fb2ac0.jpg,test,_img_357_jpg.rf.a4fc470e21bfd384290afb6f7cd3c88e.jpg,3,similar_dhash
train,_img_359_jpg.rf.70061e98c2811f5d826cc483732e0ee1.jpg,val,_img_358_jpg.rf.2d0f4e3a22ae27acc362704fb40613c4.jpg,4,similar_dhash
train,_img_366_jpg.rf.89f8bf0b10bc703e6e8e9f24d4575fb5.jpg,test,_img_367_jpg.rf.344d8069d77f2ce9235c55941a26fdc1.jpg,5,similar_dhash
train,_img_38_jpg.rf.b06c6bc7c003a14c4068cab45b2f5e65.jpg,val,_img_36_jpg.rf.aeaec81ac7fb9406dac155e8c24d2bea.jpg,0,similar_dhash
train,_img_38_jpg.rf.b06c6bc7c003a14c4068cab45b2f5e65.jpg,val,_img_45_jpg.rf.dd9c9525a4353117c0d9a88779fba6b0.jpg,0,similar_dhash
train,_img_38_jpg.rf.b06c6bc7c003a14c4068cab45b2f5e65.jpg,test,_img_47_jpg.rf.1d94e6200c537e73db4e3a30a525016a.jpg,1,similar_dhash
train,_img_38_jpg.rf.b06c6bc7c003a14c4068cab45b2f5e65.jpg,test,_img_48_jpg.rf.c5ade7f33fd49144d76e29eb730cea72.jpg,3,similar_dhash
train,_img_395_jpg.rf.83e7e389e4e13deda8cc68d850d99ec6.jpg,val,_img_397_jpg.rf.dcc21bf6845c1b9d0a15ab6b33fcdf55.jpg,1,similar_dhash
train,_img_395_jpg.rf.83e7e389e4e13deda8cc68d850d99ec6.jpg,val,_img_399_jpg.rf.26f505806a516b7418998571fc2c9336.jpg,1,similar_dhash
train,_img_395_jpg.rf.83e7e389e4e13deda8cc68d850d99ec6.jpg,val,_img_407_jpg.rf.06cce73729a5afba697b54a29ced5131.jpg,4,similar_dhash
train,_img_395_jpg.rf.83e7e389e4e13deda8cc68d850d99ec6.jpg,test,_img_398_jpg.rf.c90c43668d1793e647eb130ab3d9cd4b.jpg,2,similar_dhash
train,_img_396_jpg.rf.86981f4a3a4661fd88fc4d3f061b6d7e.jpg,val,_img_397_jpg.rf.dcc21bf6845c1b9d0a15ab6b33fcdf55.jpg,2,similar_dhash
train,_img_396_jpg.rf.86981f4a3a4661fd88fc4d3f061b6d7e.jpg,val,_img_399_jpg.rf.26f505806a516b7418998571fc2c9336.jpg,2,similar_dhash
train,_img_396_jpg.rf.86981f4a3a4661fd88fc4d3f061b6d7e.jpg,val,_img_407_jpg.rf.06cce73729a5afba697b54a29ced5131.jpg,3,similar_dhash
train,_img_396_jpg.rf.86981f4a3a4661fd88fc4d3f061b6d7e.jpg,test,_img_398_jpg.rf.c90c43668d1793e647eb130ab3d9cd4b.jpg,3,similar_dhash
train,_img_39_jpg.rf.3e16d59da2bb87777c721068f3d6dab7.jpg,val,_img_36_jpg.rf.aeaec81ac7fb9406dac155e8c24d2bea.jpg,0,similar_dhash
train,_img_39_jpg.rf.3e16d59da2bb87777c721068f3d6dab7.jpg,val,_img_45_jpg.rf.dd9c9525a4353117c0d9a88779fba6b0.jpg,0,similar_dhash
train,_img_39_jpg.rf.3e16d59da2bb87777c721068f3d6dab7.jpg,test,_img_47_jpg.rf.1d94e6200c537e73db4e3a30a525016a.jpg,1,similar_dhash
train,_img_39_jpg.rf.3e16d59da2bb87777c721068f3d6dab7.jpg,test,_img_48_jpg.rf.c5ade7f33fd49144d76e29eb730cea72.jpg,3,similar_dhash
train,_img_404_jpg.rf.91b86a6857344da2d86aacf92db9fdb6.jpg,val,_img_399_jpg.rf.26f505806a516b7418998571fc2c9336.jpg,5,similar_dhash
train,_img_404_jpg.rf.91b86a6857344da2d86aacf92db9fdb6.jpg,val,_img_403_jpg.rf.5d4c98040d5b5396c24defb26d4bbf42.jpg,4,similar_dhash
train,_img_405_jpg.rf.4798c61d774f14057ccad5e42801551a.jpg,val,_img_397_jpg.rf.dcc21bf6845c1b9d0a15ab6b33fcdf55.jpg,4,similar_dhash
train,_img_405_jpg.rf.4798c61d774f14057ccad5e42801551a.jpg,val,_img_399_jpg.rf.26f505806a516b7418998571fc2c9336.jpg,4,similar_dhash
train,_img_405_jpg.rf.4798c61d774f14057ccad5e42801551a.jpg,val,_img_407_jpg.rf.06cce73729a5afba697b54a29ced5131.jpg,5,similar_dhash
train,_img_405_jpg.rf.4798c61d774f14057ccad5e42801551a.jpg,test,_img_398_jpg.rf.c90c43668d1793e647eb130ab3d9cd4b.jpg,3,similar_dhash
train,_img_406_jpg.rf.9e82a70e49f071f6dd3cb8f5bb4b9fed.jpg,val,_img_397_jpg.rf.dcc21bf6845c1b9d0a15ab6b33fcdf55.jpg,4,similar_dhash
train,_img_406_jpg.rf.9e82a70e49f071f6dd3cb8f5bb4b9fed.jpg,val,_img_407_jpg.rf.06cce73729a5afba697b54a29ced5131.jpg,1,similar_dhash
train,_img_406_jpg.rf.9e82a70e49f071f6dd3cb8f5bb4b9fed.jpg,test,_img_398_jpg.rf.c90c43668d1793e647eb130ab3d9cd4b.jpg,5,similar_dhash
train,_img_408_jpg.rf.d69472d11d03af50fa5cbedb669f50ca.jpg,val,_img_397_jpg.rf.dcc21bf6845c1b9d0a15ab6b33fcdf55.jpg,3,similar_dhash
train,_img_408_jpg.rf.d69472d11d03af50fa5cbedb669f50ca.jpg,val,_img_399_jpg.rf.26f505806a516b7418998571fc2c9336.jpg,5,similar_dhash
train,_img_408_jpg.rf.d69472d11d03af50fa5cbedb669f50ca.jpg,val,_img_407_jpg.rf.06cce73729a5afba697b54a29ced5131.jpg,2,similar_dhash
train,_img_408_jpg.rf.d69472d11d03af50fa5cbedb669f50ca.jpg,test,_img_398_jpg.rf.c90c43668d1793e647eb130ab3d9cd4b.jpg,4,similar_dhash
train,_img_40_jpg.rf.d6156c6358f05fa3245e85f52570b2fa.jpg,val,_img_36_jpg.rf.aeaec81ac7fb9406dac155e8c24d2bea.jpg,0,similar_dhash
train,_img_40_jpg.rf.d6156c6358f05fa3245e85f52570b2fa.jpg,val,_img_45_jpg.rf.dd9c9525a4353117c0d9a88779fba6b0.jpg,0,similar_dhash
train,_img_40_jpg.rf.d6156c6358f05fa3245e85f52570b2fa.jpg,test,_img_47_jpg.rf.1d94e6200c537e73db4e3a30a525016a.jpg,1,similar_dhash
train,_img_40_jpg.rf.d6156c6358f05fa3245e85f52570b2fa.jpg,test,_img_48_jpg.rf.c5ade7f33fd49144d76e29eb730cea72.jpg,3,similar_dhash
train,_img_410_jpg.rf.2d2a8ba5b61794bfb8f8ea455d77f512.jpg,val,_img_397_jpg.rf.dcc21bf6845c1b9d0a15ab6b33fcdf55.jpg,3,similar_dhash
train,_img_410_jpg.rf.2d2a8ba5b61794bfb8f8ea455d77f512.jpg,val,_img_399_jpg.rf.26f505806a516b7418998571fc2c9336.jpg,5,similar_dhash
train,_img_410_jpg.rf.2d2a8ba5b61794bfb8f8ea455d77f512.jpg,val,_img_407_jpg.rf.06cce73729a5afba697b54a29ced5131.jpg,0,similar_dhash
train,_img_410_jpg.rf.2d2a8ba5b61794bfb8f8ea455d77f512.jpg,test,_img_398_jpg.rf.c90c43668d1793e647eb130ab3d9cd4b.jpg,4,similar_dhash
train,_img_411_jpg.rf.70cf1564fde1ac8d60e6f02b73f195ed.jpg,val,_img_397_jpg.rf.dcc21bf6845c1b9d0a15ab6b33fcdf55.jpg,3,similar_dhash
train,_img_411_jpg.rf.70cf1564fde1ac8d60e6f02b73f195ed.jpg,val,_img_399_jpg.rf.26f505806a516b7418998571fc2c9336.jpg,5,similar_dhash
train,_img_411_jpg.rf.70cf1564fde1ac8d60e6f02b73f195ed.jpg,val,_img_407_jpg.rf.06cce73729a5afba697b54a29ced5131.jpg,4,similar_dhash
train,_img_411_jpg.rf.70cf1564fde1ac8d60e6f02b73f195ed.jpg,test,_img_398_jpg.rf.c90c43668d1793e647eb130ab3d9cd4b.jpg,4,similar_dhash
train,_img_418_jpg.rf.ddd82e997aad64bae4bb0c427681ee66.jpg,val,_img_420_jpg.rf.69fc69ca24c72b50c211180c857fefa9.jpg,0,similar_dhash
train,_img_418_jpg.rf.ddd82e997aad64bae4bb0c427681ee66.jpg,val,_img_421_jpg.rf.3430fd4ffbf001eabe0a38ab6077396a.jpg,2,similar_dhash
train,_img_419_jpg.rf.4a76447908be0d29360d3b47ffd36bc0.jpg,val,_img_420_jpg.rf.69fc69ca24c72b50c211180c857fefa9.jpg,2,similar_dhash
train,_img_419_jpg.rf.4a76447908be0d29360d3b47ffd36bc0.jpg,val,_img_421_jpg.rf.3430fd4ffbf001eabe0a38ab6077396a.jpg,4,similar_dhash
train,_img_450_jpg.rf.dfe818d41e325836be081b774ce28262.jpg,test,_img_451_jpg.rf.c1eb30c6b44b947c14ceaf5399d18c6d.jpg,4,similar_dhash
train,_img_457_jpg.rf.135afbf6917b2a02f893e84263e31c3b.jpg,val,_img_453_jpg.rf.7b5df22f5fc2a6048e46357ab0dc9d9f.jpg,4,similar_dhash
train,_img_458_jpg.rf.901cf341f487bc3b7c2d0d30e80221b5.jpg,val,_img_452_jpg.rf.b8b646950bb8e09ad3f8d60a4ee62540.jpg,3,similar_dhash
train,_img_458_jpg.rf.901cf341f487bc3b7c2d0d30e80221b5.jpg,val,_img_453_jpg.rf.7b5df22f5fc2a6048e46357ab0dc9d9f.jpg,3,similar_dhash
train,_img_465_jpg.rf.568e0a00f69cf32dc14df40f4cf318e9.jpg,val,_img_464_jpg.rf.0f3d9dcbf890dbb843cea5b861867370.jpg,2,similar_dhash
train,_img_46_jpg.rf.642ef1ceead715b263ec1e0afc5e8728.jpg,val,_img_36_jpg.rf.aeaec81ac7fb9406dac155e8c24d2bea.jpg,1,similar_dhash
train,_img_46_jpg.rf.642ef1ceead715b263ec1e0afc5e8728.jpg,val,_img_45_jpg.rf.dd9c9525a4353117c0d9a88779fba6b0.jpg,1,similar_dhash
train,_img_46_jpg.rf.642ef1ceead715b263ec1e0afc5e8728.jpg,test,_img_47_jpg.rf.1d94e6200c537e73db4e3a30a525016a.jpg,0,similar_dhash
train,_img_46_jpg.rf.642ef1ceead715b263ec1e0afc5e8728.jpg,test,_img_48_jpg.rf.c5ade7f33fd49144d76e29eb730cea72.jpg,2,similar_dhash
train,_img_49_jpg.rf.239684b90b2a953a22868eba98027f7d.jpg,val,_img_36_jpg.rf.aeaec81ac7fb9406dac155e8c24d2bea.jpg,5,similar_dhash
train,_img_49_jpg.rf.239684b90b2a953a22868eba98027f7d.jpg,val,_img_45_jpg.rf.dd9c9525a4353117c0d9a88779fba6b0.jpg,5,similar_dhash
train,_img_49_jpg.rf.239684b90b2a953a22868eba98027f7d.jpg,test,_img_47_jpg.rf.1d94e6200c537e73db4e3a30a525016a.jpg,4,similar_dhash
train,_img_49_jpg.rf.239684b90b2a953a22868eba98027f7d.jpg,test,_img_48_jpg.rf.c5ade7f33fd49144d76e29eb730cea72.jpg,2,similar_dhash
train,_img_507_jpg.rf.265daa777babbb86ce02910c0dc4d2d8.jpg,val,_img_509_jpg.rf.cf7491e4a2e6d20935c07f5010174fef.jpg,2,similar_dhash
train,_img_507_jpg.rf.265daa777babbb86ce02910c0dc4d2d8.jpg,val,_img_510_jpg.rf.143596fad2883836091c5c188cc29654.jpg,4,similar_dhash
train,_img_507_jpg.rf.265daa777babbb86ce02910c0dc4d2d8.jpg,test,_img_508_jpg.rf.db8bfdfe42b3c42ed61c36c9a5e2c6bf.jpg,1,similar_dhash
train,_img_507_jpg.rf.265daa777babbb86ce02910c0dc4d2d8.jpg,test,_img_511_jpg.rf.845dd371d321636175cc7f68ed8ae770.jpg,5,similar_dhash
train,_img_507_jpg.rf.265daa777babbb86ce02910c0dc4d2d8.jpg,test,_img_512_jpg.rf.4f1aba9a7adfa8c677fa7afb2e5b37bc.jpg,5,similar_dhash
train,_img_50_jpg.rf.ac78e6c9153293c72f885d787b266cea.jpg,test,_img_47_jpg.rf.1d94e6200c537e73db4e3a30a525016a.jpg,5,similar_dhash
train,_img_50_jpg.rf.ac78e6c9153293c72f885d787b266cea.jpg,test,_img_48_jpg.rf.c5ade7f33fd49144d76e29eb730cea72.jpg,3,similar_dhash
train,_img_51_jpg.rf.ce9d2adad7b15e1598625942796bc3e0.jpg,test,_img_48_jpg.rf.c5ade7f33fd49144d76e29eb730cea72.jpg,4,similar_dhash
train,_img_556_jpg.rf.1e1df506e699ef988bb4d437b3b48d92.jpg,val,_img_555_jpg.rf.b6186f39b04ed6dd335697b5217cbef0.jpg,2,similar_dhash
train,_img_556_jpg.rf.1e1df506e699ef988bb4d437b3b48d92.jpg,val,_img_557_jpg.rf.3b8db5a3b3c3ad98c7b47cebfe117c21.jpg,2,similar_dhash
train,_img_556_jpg.rf.1e1df506e699ef988bb4d437b3b48d92.jpg,val,_img_561_jpg.rf.e96341d234522a1601e7bc7f85920e19.jpg,3,similar_dhash
train,_img_556_jpg.rf.1e1df506e699ef988bb4d437b3b48d92.jpg,val,_img_563_jpg.rf.4a0fde933ac3176a5ff65c1f15c0a284.jpg,5,similar_dhash
train,_img_556_jpg.rf.1e1df506e699ef988bb4d437b3b48d92.jpg,val,_img_568_jpg.rf.b6daa4c431a46409b94a12c8ee90b766.jpg,4,similar_dhash
train,_img_556_jpg.rf.1e1df506e699ef988bb4d437b3b48d92.jpg,val,_img_571_jpg.rf.f0c0bc72205fdb1ccf4d1188cd528099.jpg,4,similar_dhash
train,_img_556_jpg.rf.1e1df506e699ef988bb4d437b3b48d92.jpg,val,_img_572_jpg.rf.f9bb65951d5e3de291b04e65bdddfea0.jpg,3,similar_dhash
train,_img_556_jpg.rf.1e1df506e699ef988bb4d437b3b48d92.jpg,val,_img_577_jpg.rf.48a7fbaf5c46564615d16270ccadc77c.jpg,4,similar_dhash
train,_img_556_jpg.rf.1e1df506e699ef988bb4d437b3b48d92.jpg,val,_img_588_jpg.rf.84a28678c4e6919916636705d18a8bf7.jpg,4,similar_dhash
train,_img_556_jpg.rf.1e1df506e699ef988bb4d437b3b48d92.jpg,val,_img_596_jpg.rf.40fddd551b58f72bbf176bf47fc2d564.jpg,4,similar_dhash
train,_img_556_jpg.rf.1e1df506e699ef988bb4d437b3b48d92.jpg,val,_img_599_jpg.rf.52e0b8e5ef2622b605909105d5d3e387.jpg,3,similar_dhash
train,_img_556_jpg.rf.1e1df506e699ef988bb4d437b3b48d92.jpg,val,_img_611_jpg.rf.727b4cd4047e590bce2a74d382f1a2a0.jpg,3,similar_dhash
train,_img_556_jpg.rf.1e1df506e699ef988bb4d437b3b48d92.jpg,test,_img_566_jpg.rf.3e0aaaae0a520309889ed9b8a1e6d8e2.jpg,4,similar_dhash
train,_img_556_jpg.rf.1e1df506e699ef988bb4d437b3b48d92.jpg,test,_img_578_jpg.rf.4e4ba12752c56d8ff384468deeafb268.jpg,4,similar_dhash
train,_img_556_jpg.rf.1e1df506e699ef988bb4d437b3b48d92.jpg,test,_img_584_jpg.rf.9d501f5ff6da92e20553ca49ee479e9e.jpg,4,similar_dhash
train,_img_558_jpg.rf.75e4368aa1613e25ca3ad563580881da.jpg,val,_img_555_jpg.rf.b6186f39b04ed6dd335697b5217cbef0.jpg,5,similar_dhash
train,_img_558_jpg.rf.75e4368aa1613e25ca3ad563580881da.jpg,val,_img_557_jpg.rf.3b8db5a3b3c3ad98c7b47cebfe117c21.jpg,3,similar_dhash
train,_img_558_jpg.rf.75e4368aa1613e25ca3ad563580881da.jpg,val,_img_561_jpg.rf.e96341d234522a1601e7bc7f85920e19.jpg,2,similar_dhash
train,_img_558_jpg.rf.75e4368aa1613e25ca3ad563580881da.jpg,val,_img_563_jpg.rf.4a0fde933ac3176a5ff65c1f15c0a284.jpg,2,similar_dhash
train,_img_558_jpg.rf.75e4368aa1613e25ca3ad563580881da.jpg,val,_img_568_jpg.rf.b6daa4c431a46409b94a12c8ee90b766.jpg,1,similar_dhash
train,_img_558_jpg.rf.75e4368aa1613e25ca3ad563580881da.jpg,val,_img_571_jpg.rf.f0c0bc72205fdb1ccf4d1188cd528099.jpg,1,similar_dhash
train,_img_558_jpg.rf.75e4368aa1613e25ca3ad563580881da.jpg,val,_img_572_jpg.rf.f9bb65951d5e3de291b04e65bdddfea0.jpg,2,similar_dhash
train,_img_558_jpg.rf.75e4368aa1613e25ca3ad563580881da.jpg,val,_img_577_jpg.rf.48a7fbaf5c46564615d16270ccadc77c.jpg,1,similar_dhash
train,_img_558_jpg.rf.75e4368aa1613e25ca3ad563580881da.jpg,val,_img_588_jpg.rf.84a28678c4e6919916636705d18a8bf7.jpg,1,similar_dhash
train,_img_558_jpg.rf.75e4368aa1613e25ca3ad563580881da.jpg,val,_img_596_jpg.rf.40fddd551b58f72bbf176bf47fc2d564.jpg,1,similar_dhash
train,_img_558_jpg.rf.75e4368aa1613e25ca3ad563580881da.jpg,val,_img_599_jpg.rf.52e0b8e5ef2622b605909105d5d3e387.jpg,2,similar_dhash
train,_img_558_jpg.rf.75e4368aa1613e25ca3ad563580881da.jpg,val,_img_611_jpg.rf.727b4cd4047e590bce2a74d382f1a2a0.jpg,2,similar_dhash
train,_img_558_jpg.rf.75e4368aa1613e25ca3ad563580881da.jpg,val,_img_614_jpg.rf.a427e8708a386ca46903f7d0ba2d5645.jpg,4,similar_dhash
train,_img_558_jpg.rf.75e4368aa1613e25ca3ad563580881da.jpg,val,_img_615_jpg.rf.b97921ec99ea45cfc994e6f88c719d49.jpg,5,similar_dhash
train,_img_558_jpg.rf.75e4368aa1613e25ca3ad563580881da.jpg,test,_img_566_jpg.rf.3e0aaaae0a520309889ed9b8a1e6d8e2.jpg,1,similar_dhash
train,_img_558_jpg.rf.75e4368aa1613e25ca3ad563580881da.jpg,test,_img_578_jpg.rf.4e4ba12752c56d8ff384468deeafb268.jpg,1,similar_dhash
train,_img_558_jpg.rf.75e4368aa1613e25ca3ad563580881da.jpg,test,_img_584_jpg.rf.9d501f5ff6da92e20553ca49ee479e9e.jpg,1,similar_dhash
train,_img_559_jpg.rf.887ca87d3e9dccc69971c4420948547b.jpg,val,_img_557_jpg.rf.3b8db5a3b3c3ad98c7b47cebfe117c21.jpg,4,similar_dhash
train,_img_559_jpg.rf.887ca87d3e9dccc69971c4420948547b.jpg,val,_img_561_jpg.rf.e96341d234522a1601e7bc7f85920e19.jpg,1,similar_dhash
train,_img_559_jpg.rf.887ca87d3e9dccc69971c4420948547b.jpg,val,_img_563_jpg.rf.4a0fde933ac3176a5ff65c1f15c0a284.jpg,1,similar_dhash
train,_img_559_jpg.rf.887ca87d3e9dccc69971c4420948547b.jpg,val,_img_568_jpg.rf.b6daa4c431a46409b94a12c8ee90b766.jpg,0,similar_dhash
train,_img_559_jpg.rf.887ca87d3e9dccc69971c4420948547b.jpg,val,_img_571_jpg.rf.f0c0bc72205fdb1ccf4d1188cd528099.jpg,0,similar_dhash
train,_img_559_jpg.rf.887ca87d3e9dccc69971c4420948547b.jpg,val,_img_572_jpg.rf.f9bb65951d5e3de291b04e65bdddfea0.jpg,1,similar_dhash
train,_img_559_jpg.rf.887ca87d3e9dccc69971c4420948547b.jpg,val,_img_577_jpg.rf.48a7fbaf5c46564615d16270ccadc77c.jpg,0,similar_dhash
train,_img_559_jpg.rf.887ca87d3e9dccc69971c4420948547b.jpg,val,_img_588_jpg.rf.84a28678c4e6919916636705d18a8bf7.jpg,0,similar_dhash
train,_img_559_jpg.rf.887ca87d3e9dccc69971c4420948547b.jpg,val,_img_596_jpg.rf.40fddd551b58f72bbf176bf47fc2d564.jpg,0,similar_dhash
train,_img_559_jpg.rf.887ca87d3e9dccc69971c4420948547b.jpg,val,_img_599_jpg.rf.52e0b8e5ef2622b605909105d5d3e387.jpg,1,similar_dhash
train,_img_559_jpg.rf.887ca87d3e9dccc69971c4420948547b.jpg,val,_img_611_jpg.rf.727b4cd4047e590bce2a74d382f1a2a0.jpg,1,similar_dhash
train,_img_559_jpg.rf.887ca87d3e9dccc69971c4420948547b.jpg,val,_img_614_jpg.rf.a427e8708a386ca46903f7d0ba2d5645.jpg,3,similar_dhash
train,_img_559_jpg.rf.887ca87d3e9dccc69971c4420948547b.jpg,val,_img_615_jpg.rf.b97921ec99ea45cfc994e6f88c719d49.jpg,4,similar_dhash
train,_img_559_jpg.rf.887ca87d3e9dccc69971c4420948547b.jpg,test,_img_566_jpg.rf.3e0aaaae0a520309889ed9b8a1e6d8e2.jpg,0,similar_dhash
train,_img_559_jpg.rf.887ca87d3e9dccc69971c4420948547b.jpg,test,_img_578_jpg.rf.4e4ba12752c56d8ff384468deeafb268.jpg,0,similar_dhash
train,_img_559_jpg.rf.887ca87d3e9dccc69971c4420948547b.jpg,test,_img_584_jpg.rf.9d501f5ff6da92e20553ca49ee479e9e.jpg,0,similar_dhash
train,_img_560_jpg.rf.a069b88add28d1c7c8ea2964338b2c6f.jpg,val,_img_555_jpg.rf.b6186f39b04ed6dd335697b5217cbef0.jpg,5,similar_dhash
train,_img_560_jpg.rf.a069b88add28d1c7c8ea2964338b2c6f.jpg,val,_img_557_jpg.rf.3b8db5a3b3c3ad98c7b47cebfe117c21.jpg,3,similar_dhash
train,_img_560_jpg.rf.a069b88add28d1c7c8ea2964338b2c6f.jpg,val,_img_561_jpg.rf.e96341d234522a1601e7bc7f85920e19.jpg,0,similar_dhash
train,_img_560_jpg.rf.a069b88add28d1c7c8ea2964338b2c6f.jpg,val,_img_563_jpg.rf.4a0fde933ac3176a5ff65c1f15c0a284.jpg,2,similar_dhash
train,_img_560_jpg.rf.a069b88add28d1c7c8ea2964338b2c6f.jpg,val,_img_568_jpg.rf.b6daa4c431a46409b94a12c8ee90b766.jpg,1,similar_dhash
train,_img_560_jpg.rf.a069b88add28d1c7c8ea2964338b2c6f.jpg,val,_img_571_jpg.rf.f0c0bc72205fdb1ccf4d1188cd528099.jpg,1,similar_dhash
train,_img_560_jpg.rf.a069b88add28d1c7c8ea2964338b2c6f.jpg,val,_img_572_jpg.rf.f9bb65951d5e3de291b04e65bdddfea0.jpg,0,similar_dhash
train,_img_560_jpg.rf.a069b88add28d1c7c8ea2964338b2c6f.jpg,val,_img_577_jpg.rf.48a7fbaf5c46564615d16270ccadc77c.jpg,1,similar_dhash
train,_img_560_jpg.rf.a069b88add28d1c7c8ea2964338b2c6f.jpg,val,_img_588_jpg.rf.84a28678c4e6919916636705d18a8bf7.jpg,1,similar_dhash
train,_img_560_jpg.rf.a069b88add28d1c7c8ea2964338b2c6f.jpg,val,_img_596_jpg.rf.40fddd551b58f72bbf176bf47fc2d564.jpg,1,similar_dhash
train,_img_560_jpg.rf.a069b88add28d1c7c8ea2964338b2c6f.jpg,val,_img_599_jpg.rf.52e0b8e5ef2622b605909105d5d3e387.jpg,0,similar_dhash
train,_img_560_jpg.rf.a069b88add28d1c7c8ea2964338b2c6f.jpg,val,_img_611_jpg.rf.727b4cd4047e590bce2a74d382f1a2a0.jpg,0,similar_dhash
train,_img_560_jpg.rf.a069b88add28d1c7c8ea2964338b2c6f.jpg,val,_img_614_jpg.rf.a427e8708a386ca46903f7d0ba2d5645.jpg,4,similar_dhash
train,_img_560_jpg.rf.a069b88add28d1c7c8ea2964338b2c6f.jpg,val,_img_615_jpg.rf.b97921ec99ea45cfc994e6f88c719d49.jpg,5,similar_dhash
train,_img_560_jpg.rf.a069b88add28d1c7c8ea2964338b2c6f.jpg,test,_img_566_jpg.rf.3e0aaaae0a520309889ed9b8a1e6d8e2.jpg,1,similar_dhash
train,_img_560_jpg.rf.a069b88add28d1c7c8ea2964338b2c6f.jpg,test,_img_578_jpg.rf.4e4ba12752c56d8ff384468deeafb268.jpg,1,similar_dhash
train,_img_560_jpg.rf.a069b88add28d1c7c8ea2964338b2c6f.jpg,test,_img_584_jpg.rf.9d501f5ff6da92e20553ca49ee479e9e.jpg,1,similar_dhash
train,_img_564_jpg.rf.356794c53e167f939469f155cbde80ac.jpg,val,_img_557_jpg.rf.3b8db5a3b3c3ad98c7b47cebfe117c21.jpg,4,similar_dhash
train,_img_564_jpg.rf.356794c53e167f939469f155cbde80ac.jpg,val,_img_561_jpg.rf.e96341d234522a1601e7bc7f85920e19.jpg,1,similar_dhash
train,_img_564_jpg.rf.356794c53e167f939469f155cbde80ac.jpg,val,_img_563_jpg.rf.4a0fde933ac3176a5ff65c1f15c0a284.jpg,1,similar_dhash
train,_img_564_jpg.rf.356794c53e167f939469f155cbde80ac.jpg,val,_img_568_jpg.rf.b6daa4c431a46409b94a12c8ee90b766.jpg,2,similar_dhash
train,_img_564_jpg.rf.356794c53e167f939469f155cbde80ac.jpg,val,_img_571_jpg.rf.f0c0bc72205fdb1ccf4d1188cd528099.jpg,2,similar_dhash
train,_img_564_jpg.rf.356794c53e167f939469f155cbde80ac.jpg,val,_img_572_jpg.rf.f9bb65951d5e3de291b04e65bdddfea0.jpg,1,similar_dhash
train,_img_564_jpg.rf.356794c53e167f939469f155cbde80ac.jpg,val,_img_577_jpg.rf.48a7fbaf5c46564615d16270ccadc77c.jpg,2,similar_dhash
train,_img_564_jpg.rf.356794c53e167f939469f155cbde80ac.jpg,val,_img_588_jpg.rf.84a28678c4e6919916636705d18a8bf7.jpg,2,similar_dhash
train,_img_564_jpg.rf.356794c53e167f939469f155cbde80ac.jpg,val,_img_596_jpg.rf.40fddd551b58f72bbf176bf47fc2d564.jpg,2,similar_dhash
train,_img_564_jpg.rf.356794c53e167f939469f155cbde80ac.jpg,val,_img_599_jpg.rf.52e0b8e5ef2622b605909105d5d3e387.jpg,1,similar_dhash
train,_img_564_jpg.rf.356794c53e167f939469f155cbde80ac.jpg,val,_img_611_jpg.rf.727b4cd4047e590bce2a74d382f1a2a0.jpg,1,similar_dhash
train,_img_564_jpg.rf.356794c53e167f939469f155cbde80ac.jpg,val,_img_614_jpg.rf.a427e8708a386ca46903f7d0ba2d5645.jpg,5,similar_dhash
train,_img_564_jpg.rf.356794c53e167f939469f155cbde80ac.jpg,test,_img_566_jpg.rf.3e0aaaae0a520309889ed9b8a1e6d8e2.jpg,2,similar_dhash
train,_img_564_jpg.rf.356794c53e167f939469f155cbde80ac.jpg,test,_img_578_jpg.rf.4e4ba12752c56d8ff384468deeafb268.jpg,2,similar_dhash
train,_img_564_jpg.rf.356794c53e167f939469f155cbde80ac.jpg,test,_img_584_jpg.rf.9d501f5ff6da92e20553ca49ee479e9e.jpg,2,similar_dhash
train,_img_565_jpg.rf.0966e38c6f22624b1aac07a8218e016b.jpg,val,_img_555_jpg.rf.b6186f39b04ed6dd335697b5217cbef0.jpg,5,similar_dhash
train,_img_565_jpg.rf.0966e38c6f22624b1aac07a8218e016b.jpg,val,_img_557_jpg.rf.3b8db5a3b3c3ad98c7b47cebfe117c21.jpg,3,similar_dhash
train,_img_565_jpg.rf.0966e38c6f22624b1aac07a8218e016b.jpg,val,_img_561_jpg.rf.e96341d234522a1601e7bc7f85920e19.jpg,0,similar_dhash
train,_img_565_jpg.rf.0966e38c6f22624b1aac07a8218e016b.jpg,val,_img_563_jpg.rf.4a0fde933ac3176a5ff65c1f15c0a284.jpg,2,similar_dhash
train,_img_565_jpg.rf.0966e38c6f22624b1aac07a8218e016b.jpg,val,_img_568_jpg.rf.b6daa4c431a46409b94a12c8ee90b766.jpg,1,similar_dhash
train,_img_565_jpg.rf.0966e38c6f22624b1aac07a8218e016b.jpg,val,_img_571_jpg.rf.f0c0bc72205fdb1ccf4d1188cd528099.jpg,1,similar_dhash
train,_img_565_jpg.rf.0966e38c6f22624b1aac07a8218e016b.jpg,val,_img_572_jpg.rf.f9bb65951d5e3de291b04e65bdddfea0.jpg,0,similar_dhash
train,_img_565_jpg.rf.0966e38c6f22624b1aac07a8218e016b.jpg,val,_img_577_jpg.rf.48a7fbaf5c46564615d16270ccadc77c.jpg,1,similar_dhash
train,_img_565_jpg.rf.0966e38c6f22624b1aac07a8218e016b.jpg,val,_img_588_jpg.rf.84a28678c4e6919916636705d18a8bf7.jpg,1,similar_dhash
train,_img_565_jpg.rf.0966e38c6f22624b1aac07a8218e016b.jpg,val,_img_596_jpg.rf.40fddd551b58f72bbf176bf47fc2d564.jpg,1,similar_dhash
train,_img_565_jpg.rf.0966e38c6f22624b1aac07a8218e016b.jpg,val,_img_599_jpg.rf.52e0b8e5ef2622b605909105d5d3e387.jpg,0,similar_dhash
train,_img_565_jpg.rf.0966e38c6f22624b1aac07a8218e016b.jpg,val,_img_611_jpg.rf.727b4cd4047e590bce2a74d382f1a2a0.jpg,0,similar_dhash
train,_img_565_jpg.rf.0966e38c6f22624b1aac07a8218e016b.jpg,val,_img_614_jpg.rf.a427e8708a386ca46903f7d0ba2d5645.jpg,4,similar_dhash
train,_img_565_jpg.rf.0966e38c6f22624b1aac07a8218e016b.jpg,val,_img_615_jpg.rf.b97921ec99ea45cfc994e6f88c719d49.jpg,5,similar_dhash
train,_img_565_jpg.rf.0966e38c6f22624b1aac07a8218e016b.jpg,test,_img_566_jpg.rf.3e0aaaae0a520309889ed9b8a1e6d8e2.jpg,1,similar_dhash
train,_img_565_jpg.rf.0966e38c6f22624b1aac07a8218e016b.jpg,test,_img_578_jpg.rf.4e4ba12752c56d8ff384468deeafb268.jpg,1,similar_dhash
train,_img_565_jpg.rf.0966e38c6f22624b1aac07a8218e016b.jpg,test,_img_584_jpg.rf.9d501f5ff6da92e20553ca49ee479e9e.jpg,1,similar_dhash
train,_img_567_jpg.rf.eb0cbacf53b1bea155a06a3d6bb0e2d7.jpg,val,_img_555_jpg.rf.b6186f39b04ed6dd335697b5217cbef0.jpg,5,similar_dhash
train,_img_567_jpg.rf.eb0cbacf53b1bea155a06a3d6bb0e2d7.jpg,val,_img_557_jpg.rf.3b8db5a3b3c3ad98c7b47cebfe117c21.jpg,3,similar_dhash
train,_img_567_jpg.rf.eb0cbacf53b1bea155a06a3d6bb0e2d7.jpg,val,_img_561_jpg.rf.e96341d234522a1601e7bc7f85920e19.jpg,0,similar_dhash
train,_img_567_jpg.rf.eb0cbacf53b1bea155a06a3d6bb0e2d7.jpg,val,_img_563_jpg.rf.4a0fde933ac3176a5ff65c1f15c0a284.jpg,2,similar_dhash
train,_img_567_jpg.rf.eb0cbacf53b1bea155a06a3d6bb0e2d7.jpg,val,_img_568_jpg.rf.b6daa4c431a46409b94a12c8ee90b766.jpg,1,similar_dhash
train,_img_567_jpg.rf.eb0cbacf53b1bea155a06a3d6bb0e2d7.jpg,val,_img_571_jpg.rf.f0c0bc72205fdb1ccf4d1188cd528099.jpg,1,similar_dhash
train,_img_567_jpg.rf.eb0cbacf53b1bea155a06a3d6bb0e2d7.jpg,val,_img_572_jpg.rf.f9bb65951d5e3de291b04e65bdddfea0.jpg,0,similar_dhash
train,_img_567_jpg.rf.eb0cbacf53b1bea155a06a3d6bb0e2d7.jpg,val,_img_577_jpg.rf.48a7fbaf5c46564615d16270ccadc77c.jpg,1,similar_dhash
train,_img_567_jpg.rf.eb0cbacf53b1bea155a06a3d6bb0e2d7.jpg,val,_img_588_jpg.rf.84a28678c4e6919916636705d18a8bf7.jpg,1,similar_dhash
train,_img_567_jpg.rf.eb0cbacf53b1bea155a06a3d6bb0e2d7.jpg,val,_img_596_jpg.rf.40fddd551b58f72bbf176bf47fc2d564.jpg,1,similar_dhash
train,_img_567_jpg.rf.eb0cbacf53b1bea155a06a3d6bb0e2d7.jpg,val,_img_599_jpg.rf.52e0b8e5ef2622b605909105d5d3e387.jpg,0,similar_dhash
train,_img_567_jpg.rf.eb0cbacf53b1bea155a06a3d6bb0e2d7.jpg,val,_img_611_jpg.rf.727b4cd4047e590bce2a74d382f1a2a0.jpg,0,similar_dhash
train,_img_567_jpg.rf.eb0cbacf53b1bea155a06a3d6bb0e2d7.jpg,val,_img_614_jpg.rf.a427e8708a386ca46903f7d0ba2d5645.jpg,4,similar_dhash
train,_img_567_jpg.rf.eb0cbacf53b1bea155a06a3d6bb0e2d7.jpg,val,_img_615_jpg.rf.b97921ec99ea45cfc994e6f88c719d49.jpg,5,similar_dhash
train,_img_567_jpg.rf.eb0cbacf53b1bea155a06a3d6bb0e2d7.jpg,test,_img_566_jpg.rf.3e0aaaae0a520309889ed9b8a1e6d8e2.jpg,1,similar_dhash
train,_img_567_jpg.rf.eb0cbacf53b1bea155a06a3d6bb0e2d7.jpg,test,_img_578_jpg.rf.4e4ba12752c56d8ff384468deeafb268.jpg,1,similar_dhash
train,_img_567_jpg.rf.eb0cbacf53b1bea155a06a3d6bb0e2d7.jpg,test,_img_584_jpg.rf.9d501f5ff6da92e20553ca49ee479e9e.jpg,1,similar_dhash
train,_img_569_jpg.rf.3dc86efd9a2ec8b9020b77e1901b4300.jpg,val,_img_555_jpg.rf.b6186f39b04ed6dd335697b5217cbef0.jpg,5,similar_dhash
train,_img_569_jpg.rf.3dc86efd9a2ec8b9020b77e1901b4300.jpg,val,_img_557_jpg.rf.3b8db5a3b3c3ad98c7b47cebfe117c21.jpg,3,similar_dhash
train,_img_569_jpg.rf.3dc86efd9a2ec8b9020b77e1901b4300.jpg,val,_img_561_jpg.rf.e96341d234522a1601e7bc7f85920e19.jpg,0,similar_dhash
train,_img_569_jpg.rf.3dc86efd9a2ec8b9020b77e1901b4300.jpg,val,_img_563_jpg.rf.4a0fde933ac3176a5ff65c1f15c0a284.jpg,2,similar_dhash
train,_img_569_jpg.rf.3dc86efd9a2ec8b9020b77e1901b4300.jpg,val,_img_568_jpg.rf.b6daa4c431a46409b94a12c8ee90b766.jpg,1,similar_dhash
train,_img_569_jpg.rf.3dc86efd9a2ec8b9020b77e1901b4300.jpg,val,_img_571_jpg.rf.f0c0bc72205fdb1ccf4d1188cd528099.jpg,1,similar_dhash
train,_img_569_jpg.rf.3dc86efd9a2ec8b9020b77e1901b4300.jpg,val,_img_572_jpg.rf.f9bb65951d5e3de291b04e65bdddfea0.jpg,0,similar_dhash
train,_img_569_jpg.rf.3dc86efd9a2ec8b9020b77e1901b4300.jpg,val,_img_577_jpg.rf.48a7fbaf5c46564615d16270ccadc77c.jpg,1,similar_dhash
train,_img_569_jpg.rf.3dc86efd9a2ec8b9020b77e1901b4300.jpg,val,_img_588_jpg.rf.84a28678c4e6919916636705d18a8bf7.jpg,1,similar_dhash
train,_img_569_jpg.rf.3dc86efd9a2ec8b9020b77e1901b4300.jpg,val,_img_596_jpg.rf.40fddd551b58f72bbf176bf47fc2d564.jpg,1,similar_dhash
train,_img_569_jpg.rf.3dc86efd9a2ec8b9020b77e1901b4300.jpg,val,_img_599_jpg.rf.52e0b8e5ef2622b605909105d5d3e387.jpg,0,similar_dhash
train,_img_569_jpg.rf.3dc86efd9a2ec8b9020b77e1901b4300.jpg,val,_img_611_jpg.rf.727b4cd4047e590bce2a74d382f1a2a0.jpg,0,similar_dhash
train,_img_569_jpg.rf.3dc86efd9a2ec8b9020b77e1901b4300.jpg,val,_img_614_jpg.rf.a427e8708a386ca46903f7d0ba2d5645.jpg,4,similar_dhash
train,_img_569_jpg.rf.3dc86efd9a2ec8b9020b77e1901b4300.jpg,val,_img_615_jpg.rf.b97921ec99ea45cfc994e6f88c719d49.jpg,5,similar_dhash
train,_img_569_jpg.rf.3dc86efd9a2ec8b9020b77e1901b4300.jpg,test,_img_566_jpg.rf.3e0aaaae0a520309889ed9b8a1e6d8e2.jpg,1,similar_dhash
train,_img_569_jpg.rf.3dc86efd9a2ec8b9020b77e1901b4300.jpg,test,_img_578_jpg.rf.4e4ba12752c56d8ff384468deeafb268.jpg,1,similar_dhash
train,_img_569_jpg.rf.3dc86efd9a2ec8b9020b77e1901b4300.jpg,test,_img_584_jpg.rf.9d501f5ff6da92e20553ca49ee479e9e.jpg,1,similar_dhash
train,_img_573_jpg.rf.77b6753c4cc65eefc2213f6e25e66b5c.jpg,val,_img_555_jpg.rf.b6186f39b04ed6dd335697b5217cbef0.jpg,5,similar_dhash
train,_img_573_jpg.rf.77b6753c4cc65eefc2213f6e25e66b5c.jpg,val,_img_557_jpg.rf.3b8db5a3b3c3ad98c7b47cebfe117c21.jpg,3,similar_dhash
train,_img_573_jpg.rf.77b6753c4cc65eefc2213f6e25e66b5c.jpg,val,_img_561_jpg.rf.e96341d234522a1601e7bc7f85920e19.jpg,0,similar_dhash
train,_img_573_jpg.rf.77b6753c4cc65eefc2213f6e25e66b5c.jpg,val,_img_563_jpg.rf.4a0fde933ac3176a5ff65c1f15c0a284.jpg,2,similar_dhash
train,_img_573_jpg.rf.77b6753c4cc65eefc2213f6e25e66b5c.jpg,val,_img_568_jpg.rf.b6daa4c431a46409b94a12c8ee90b766.jpg,1,similar_dhash
train,_img_573_jpg.rf.77b6753c4cc65eefc2213f6e25e66b5c.jpg,val,_img_571_jpg.rf.f0c0bc72205fdb1ccf4d1188cd528099.jpg,1,similar_dhash
train,_img_573_jpg.rf.77b6753c4cc65eefc2213f6e25e66b5c.jpg,val,_img_572_jpg.rf.f9bb65951d5e3de291b04e65bdddfea0.jpg,0,similar_dhash
train,_img_573_jpg.rf.77b6753c4cc65eefc2213f6e25e66b5c.jpg,val,_img_577_jpg.rf.48a7fbaf5c46564615d16270ccadc77c.jpg,1,similar_dhash
train,_img_573_jpg.rf.77b6753c4cc65eefc2213f6e25e66b5c.jpg,val,_img_588_jpg.rf.84a28678c4e6919916636705d18a8bf7.jpg,1,similar_dhash
train,_img_573_jpg.rf.77b6753c4cc65eefc2213f6e25e66b5c.jpg,val,_img_596_jpg.rf.40fddd551b58f72bbf176bf47fc2d564.jpg,1,similar_dhash
train,_img_573_jpg.rf.77b6753c4cc65eefc2213f6e25e66b5c.jpg,val,_img_599_jpg.rf.52e0b8e5ef2622b605909105d5d3e387.jpg,0,similar_dhash
train,_img_573_jpg.rf.77b6753c4cc65eefc2213f6e25e66b5c.jpg,val,_img_611_jpg.rf.727b4cd4047e590bce2a74d382f1a2a0.jpg,0,similar_dhash
train,_img_573_jpg.rf.77b6753c4cc65eefc2213f6e25e66b5c.jpg,val,_img_614_jpg.rf.a427e8708a386ca46903f7d0ba2d5645.jpg,4,similar_dhash
train,_img_573_jpg.rf.77b6753c4cc65eefc2213f6e25e66b5c.jpg,val,_img_615_jpg.rf.b97921ec99ea45cfc994e6f88c719d49.jpg,5,similar_dhash
train,_img_573_jpg.rf.77b6753c4cc65eefc2213f6e25e66b5c.jpg,test,_img_566_jpg.rf.3e0aaaae0a520309889ed9b8a1e6d8e2.jpg,1,similar_dhash
train,_img_573_jpg.rf.77b6753c4cc65eefc2213f6e25e66b5c.jpg,test,_img_578_jpg.rf.4e4ba12752c56d8ff384468deeafb268.jpg,1,similar_dhash
train,_img_573_jpg.rf.77b6753c4cc65eefc2213f6e25e66b5c.jpg,test,_img_584_jpg.rf.9d501f5ff6da92e20553ca49ee479e9e.jpg,1,similar_dhash
train,_img_574_jpg.rf.6b3ce47a71ebc6f8a62f821540bf95a1.jpg,val,_img_557_jpg.rf.3b8db5a3b3c3ad98c7b47cebfe117c21.jpg,4,similar_dhash
train,_img_574_jpg.rf.6b3ce47a71ebc6f8a62f821540bf95a1.jpg,val,_img_561_jpg.rf.e96341d234522a1601e7bc7f85920e19.jpg,1,similar_dhash
train,_img_574_jpg.rf.6b3ce47a71ebc6f8a62f821540bf95a1.jpg,val,_img_563_jpg.rf.4a0fde933ac3176a5ff65c1f15c0a284.jpg,1,similar_dhash
train,_img_574_jpg.rf.6b3ce47a71ebc6f8a62f821540bf95a1.jpg,val,_img_568_jpg.rf.b6daa4c431a46409b94a12c8ee90b766.jpg,2,similar_dhash
train,_img_574_jpg.rf.6b3ce47a71ebc6f8a62f821540bf95a1.jpg,val,_img_571_jpg.rf.f0c0bc72205fdb1ccf4d1188cd528099.jpg,2,similar_dhash
train,_img_574_jpg.rf.6b3ce47a71ebc6f8a62f821540bf95a1.jpg,val,_img_572_jpg.rf.f9bb65951d5e3de291b04e65bdddfea0.jpg,1,similar_dhash
train,_img_574_jpg.rf.6b3ce47a71ebc6f8a62f821540bf95a1.jpg,val,_img_577_jpg.rf.48a7fbaf5c46564615d16270ccadc77c.jpg,2,similar_dhash
train,_img_574_jpg.rf.6b3ce47a71ebc6f8a62f821540bf95a1.jpg,val,_img_588_jpg.rf.84a28678c4e6919916636705d18a8bf7.jpg,2,similar_dhash
train,_img_574_jpg.rf.6b3ce47a71ebc6f8a62f821540bf95a1.jpg,val,_img_596_jpg.rf.40fddd551b58f72bbf176bf47fc2d564.jpg,2,similar_dhash
train,_img_574_jpg.rf.6b3ce47a71ebc6f8a62f821540bf95a1.jpg,val,_img_599_jpg.rf.52e0b8e5ef2622b605909105d5d3e387.jpg,1,similar_dhash
train,_img_574_jpg.rf.6b3ce47a71ebc6f8a62f821540bf95a1.jpg,val,_img_611_jpg.rf.727b4cd4047e590bce2a74d382f1a2a0.jpg,1,similar_dhash
train,_img_574_jpg.rf.6b3ce47a71ebc6f8a62f821540bf95a1.jpg,val,_img_614_jpg.rf.a427e8708a386ca46903f7d0ba2d5645.jpg,5,similar_dhash
train,_img_574_jpg.rf.6b3ce47a71ebc6f8a62f821540bf95a1.jpg,test,_img_566_jpg.rf.3e0aaaae0a520309889ed9b8a1e6d8e2.jpg,2,similar_dhash
train,_img_574_jpg.rf.6b3ce47a71ebc6f8a62f821540bf95a1.jpg,test,_img_578_jpg.rf.4e4ba12752c56d8ff384468deeafb268.jpg,2,similar_dhash
train,_img_574_jpg.rf.6b3ce47a71ebc6f8a62f821540bf95a1.jpg,test,_img_584_jpg.rf.9d501f5ff6da92e20553ca49ee479e9e.jpg,2,similar_dhash
train,_img_575_jpg.rf.d6b1ffcbc095088e3b958cbfe27baab0.jpg,val,_img_555_jpg.rf.b6186f39b04ed6dd335697b5217cbef0.jpg,5,similar_dhash
train,_img_575_jpg.rf.d6b1ffcbc095088e3b958cbfe27baab0.jpg,val,_img_557_jpg.rf.3b8db5a3b3c3ad98c7b47cebfe117c21.jpg,3,similar_dhash
train,_img_575_jpg.rf.d6b1ffcbc095088e3b958cbfe27baab0.jpg,val,_img_561_jpg.rf.e96341d234522a1601e7bc7f85920e19.jpg,0,similar_dhash
train,_img_575_jpg.rf.d6b1ffcbc095088e3b958cbfe27baab0.jpg,val,_img_563_jpg.rf.4a0fde933ac3176a5ff65c1f15c0a284.jpg,2,similar_dhash
train,_img_575_jpg.rf.d6b1ffcbc095088e3b958cbfe27baab0.jpg,val,_img_568_jpg.rf.b6daa4c431a46409b94a12c8ee90b766.jpg,1,similar_dhash
train,_img_575_jpg.rf.d6b1ffcbc095088e3b958cbfe27baab0.jpg,val,_img_571_jpg.rf.f0c0bc72205fdb1ccf4d1188cd528099.jpg,1,similar_dhash
train,_img_575_jpg.rf.d6b1ffcbc095088e3b958cbfe27baab0.jpg,val,_img_572_jpg.rf.f9bb65951d5e3de291b04e65bdddfea0.jpg,0,similar_dhash
train,_img_575_jpg.rf.d6b1ffcbc095088e3b958cbfe27baab0.jpg,val,_img_577_jpg.rf.48a7fbaf5c46564615d16270ccadc77c.jpg,1,similar_dhash
train,_img_575_jpg.rf.d6b1ffcbc095088e3b958cbfe27baab0.jpg,val,_img_588_jpg.rf.84a28678c4e6919916636705d18a8bf7.jpg,1,similar_dhash
train,_img_575_jpg.rf.d6b1ffcbc095088e3b958cbfe27baab0.jpg,val,_img_596_jpg.rf.40fddd551b58f72bbf176bf47fc2d564.jpg,1,similar_dhash
train,_img_575_jpg.rf.d6b1ffcbc095088e3b958cbfe27baab0.jpg,val,_img_599_jpg.rf.52e0b8e5ef2622b605909105d5d3e387.jpg,0,similar_dhash
train,_img_575_jpg.rf.d6b1ffcbc095088e3b958cbfe27baab0.jpg,val,_img_611_jpg.rf.727b4cd4047e590bce2a74d382f1a2a0.jpg,0,similar_dhash
train,_img_575_jpg.rf.d6b1ffcbc095088e3b958cbfe27baab0.jpg,val,_img_614_jpg.rf.a427e8708a386ca46903f7d0ba2d5645.jpg,4,similar_dhash
train,_img_575_jpg.rf.d6b1ffcbc095088e3b958cbfe27baab0.jpg,val,_img_615_jpg.rf.b97921ec99ea45cfc994e6f88c719d49.jpg,5,similar_dhash
train,_img_575_jpg.rf.d6b1ffcbc095088e3b958cbfe27baab0.jpg,test,_img_566_jpg.rf.3e0aaaae0a520309889ed9b8a1e6d8e2.jpg,1,similar_dhash
train,_img_575_jpg.rf.d6b1ffcbc095088e3b958cbfe27baab0.jpg,test,_img_578_jpg.rf.4e4ba12752c56d8ff384468deeafb268.jpg,1,similar_dhash
train,_img_575_jpg.rf.d6b1ffcbc095088e3b958cbfe27baab0.jpg,test,_img_584_jpg.rf.9d501f5ff6da92e20553ca49ee479e9e.jpg,1,similar_dhash
train,_img_576_jpg.rf.fa1ec54a6c702d4324dea2fa5715762a.jpg,val,_img_555_jpg.rf.b6186f39b04ed6dd335697b5217cbef0.jpg,5,similar_dhash
train,_img_576_jpg.rf.fa1ec54a6c702d4324dea2fa5715762a.jpg,val,_img_557_jpg.rf.3b8db5a3b3c3ad98c7b47cebfe117c21.jpg,3,similar_dhash
train,_img_576_jpg.rf.fa1ec54a6c702d4324dea2fa5715762a.jpg,val,_img_561_jpg.rf.e96341d234522a1601e7bc7f85920e19.jpg,0,similar_dhash
train,_img_576_jpg.rf.fa1ec54a6c702d4324dea2fa5715762a.jpg,val,_img_563_jpg.rf.4a0fde933ac3176a5ff65c1f15c0a284.jpg,2,similar_dhash
train,_img_576_jpg.rf.fa1ec54a6c702d4324dea2fa5715762a.jpg,val,_img_568_jpg.rf.b6daa4c431a46409b94a12c8ee90b766.jpg,1,similar_dhash
train,_img_576_jpg.rf.fa1ec54a6c702d4324dea2fa5715762a.jpg,val,_img_571_jpg.rf.f0c0bc72205fdb1ccf4d1188cd528099.jpg,1,similar_dhash
train,_img_576_jpg.rf.fa1ec54a6c702d4324dea2fa5715762a.jpg,val,_img_572_jpg.rf.f9bb65951d5e3de291b04e65bdddfea0.jpg,0,similar_dhash
train,_img_576_jpg.rf.fa1ec54a6c702d4324dea2fa5715762a.jpg,val,_img_577_jpg.rf.48a7fbaf5c46564615d16270ccadc77c.jpg,1,similar_dhash
train,_img_576_jpg.rf.fa1ec54a6c702d4324dea2fa5715762a.jpg,val,_img_588_jpg.rf.84a28678c4e6919916636705d18a8bf7.jpg,1,similar_dhash
train,_img_576_jpg.rf.fa1ec54a6c702d4324dea2fa5715762a.jpg,val,_img_596_jpg.rf.40fddd551b58f72bbf176bf47fc2d564.jpg,1,similar_dhash
train,_img_576_jpg.rf.fa1ec54a6c702d4324dea2fa5715762a.jpg,val,_img_599_jpg.rf.52e0b8e5ef2622b605909105d5d3e387.jpg,0,similar_dhash
train,_img_576_jpg.rf.fa1ec54a6c702d4324dea2fa5715762a.jpg,val,_img_611_jpg.rf.727b4cd4047e590bce2a74d382f1a2a0.jpg,0,similar_dhash
train,_img_576_jpg.rf.fa1ec54a6c702d4324dea2fa5715762a.jpg,val,_img_614_jpg.rf.a427e8708a386ca46903f7d0ba2d5645.jpg,4,similar_dhash
train,_img_576_jpg.rf.fa1ec54a6c702d4324dea2fa5715762a.jpg,val,_img_615_jpg.rf.b97921ec99ea45cfc994e6f88c719d49.jpg,5,similar_dhash
train,_img_576_jpg.rf.fa1ec54a6c702d4324dea2fa5715762a.jpg,test,_img_566_jpg.rf.3e0aaaae0a520309889ed9b8a1e6d8e2.jpg,1,similar_dhash
train,_img_576_jpg.rf.fa1ec54a6c702d4324dea2fa5715762a.jpg,test,_img_578_jpg.rf.4e4ba12752c56d8ff384468deeafb268.jpg,1,similar_dhash
train,_img_576_jpg.rf.fa1ec54a6c702d4324dea2fa5715762a.jpg,test,_img_584_jpg.rf.9d501f5ff6da92e20553ca49ee479e9e.jpg,1,similar_dhash
train,_img_579_jpg.rf.962a55f221f014248a922883d6f3b863.jpg,val,_img_557_jpg.rf.3b8db5a3b3c3ad98c7b47cebfe117c21.jpg,4,similar_dhash
train,_img_579_jpg.rf.962a55f221f014248a922883d6f3b863.jpg,val,_img_561_jpg.rf.e96341d234522a1601e7bc7f85920e19.jpg,1,similar_dhash
train,_img_579_jpg.rf.962a55f221f014248a922883d6f3b863.jpg,val,_img_563_jpg.rf.4a0fde933ac3176a5ff65c1f15c0a284.jpg,1,similar_dhash
train,_img_579_jpg.rf.962a55f221f014248a922883d6f3b863.jpg,val,_img_568_jpg.rf.b6daa4c431a46409b94a12c8ee90b766.jpg,0,similar_dhash
train,_img_579_jpg.rf.962a55f221f014248a922883d6f3b863.jpg,val,_img_571_jpg.rf.f0c0bc72205fdb1ccf4d1188cd528099.jpg,0,similar_dhash
train,_img_579_jpg.rf.962a55f221f014248a922883d6f3b863.jpg,val,_img_572_jpg.rf.f9bb65951d5e3de291b04e65bdddfea0.jpg,1,similar_dhash
train,_img_579_jpg.rf.962a55f221f014248a922883d6f3b863.jpg,val,_img_577_jpg.rf.48a7fbaf5c46564615d16270ccadc77c.jpg,0,similar_dhash
train,_img_579_jpg.rf.962a55f221f014248a922883d6f3b863.jpg,val,_img_588_jpg.rf.84a28678c4e6919916636705d18a8bf7.jpg,0,similar_dhash
train,_img_579_jpg.rf.962a55f221f014248a922883d6f3b863.jpg,val,_img_596_jpg.rf.40fddd551b58f72bbf176bf47fc2d564.jpg,0,similar_dhash
train,_img_579_jpg.rf.962a55f221f014248a922883d6f3b863.jpg,val,_img_599_jpg.rf.52e0b8e5ef2622b605909105d5d3e387.jpg,1,similar_dhash
train,_img_579_jpg.rf.962a55f221f014248a922883d6f3b863.jpg,val,_img_611_jpg.rf.727b4cd4047e590bce2a74d382f1a2a0.jpg,1,similar_dhash
train,_img_579_jpg.rf.962a55f221f014248a922883d6f3b863.jpg,val,_img_614_jpg.rf.a427e8708a386ca46903f7d0ba2d5645.jpg,3,similar_dhash
train,_img_579_jpg.rf.962a55f221f014248a922883d6f3b863.jpg,val,_img_615_jpg.rf.b97921ec99ea45cfc994e6f88c719d49.jpg,4,similar_dhash
train,_img_579_jpg.rf.962a55f221f014248a922883d6f3b863.jpg,test,_img_566_jpg.rf.3e0aaaae0a520309889ed9b8a1e6d8e2.jpg,0,similar_dhash
train,_img_579_jpg.rf.962a55f221f014248a922883d6f3b863.jpg,test,_img_578_jpg.rf.4e4ba12752c56d8ff384468deeafb268.jpg,0,similar_dhash
train,_img_579_jpg.rf.962a55f221f014248a922883d6f3b863.jpg,test,_img_584_jpg.rf.9d501f5ff6da92e20553ca49ee479e9e.jpg,0,similar_dhash
train,_img_581_jpg.rf.97d69febc1d9b4525dbbccbda8e74f07.jpg,val,_img_557_jpg.rf.3b8db5a3b3c3ad98c7b47cebfe117c21.jpg,4,similar_dhash
train,_img_581_jpg.rf.97d69febc1d9b4525dbbccbda8e74f07.jpg,val,_img_561_jpg.rf.e96341d234522a1601e7bc7f85920e19.jpg,1,similar_dhash
train,_img_581_jpg.rf.97d69febc1d9b4525dbbccbda8e74f07.jpg,val,_img_563_jpg.rf.4a0fde933ac3176a5ff65c1f15c0a284.jpg,1,similar_dhash
train,_img_581_jpg.rf.97d69febc1d9b4525dbbccbda8e74f07.jpg,val,_img_568_jpg.rf.b6daa4c431a46409b94a12c8ee90b766.jpg,0,similar_dhash
train,_img_581_jpg.rf.97d69febc1d9b4525dbbccbda8e74f07.jpg,val,_img_571_jpg.rf.f0c0bc72205fdb1ccf4d1188cd528099.jpg,0,similar_dhash
train,_img_581_jpg.rf.97d69febc1d9b4525dbbccbda8e74f07.jpg,val,_img_572_jpg.rf.f9bb65951d5e3de291b04e65bdddfea0.jpg,1,similar_dhash
train,_img_581_jpg.rf.97d69febc1d9b4525dbbccbda8e74f07.jpg,val,_img_577_jpg.rf.48a7fbaf5c46564615d16270ccadc77c.jpg,0,similar_dhash
train,_img_581_jpg.rf.97d69febc1d9b4525dbbccbda8e74f07.jpg,val,_img_588_jpg.rf.84a28678c4e6919916636705d18a8bf7.jpg,0,similar_dhash
train,_img_581_jpg.rf.97d69febc1d9b4525dbbccbda8e74f07.jpg,val,_img_596_jpg.rf.40fddd551b58f72bbf176bf47fc2d564.jpg,0,similar_dhash
train,_img_581_jpg.rf.97d69febc1d9b4525dbbccbda8e74f07.jpg,val,_img_599_jpg.rf.52e0b8e5ef2622b605909105d5d3e387.jpg,1,similar_dhash
train,_img_581_jpg.rf.97d69febc1d9b4525dbbccbda8e74f07.jpg,val,_img_611_jpg.rf.727b4cd4047e590bce2a74d382f1a2a0.jpg,1,similar_dhash
train,_img_581_jpg.rf.97d69febc1d9b4525dbbccbda8e74f07.jpg,val,_img_614_jpg.rf.a427e8708a386ca46903f7d0ba2d5645.jpg,3,similar_dhash
train,_img_581_jpg.rf.97d69febc1d9b4525dbbccbda8e74f07.jpg,val,_img_615_jpg.rf.b97921ec99ea45cfc994e6f88c719d49.jpg,4,similar_dhash
train,_img_581_jpg.rf.97d69febc1d9b4525dbbccbda8e74f07.jpg,test,_img_566_jpg.rf.3e0aaaae0a520309889ed9b8a1e6d8e2.jpg,0,similar_dhash
train,_img_581_jpg.rf.97d69febc1d9b4525dbbccbda8e74f07.jpg,test,_img_578_jpg.rf.4e4ba12752c56d8ff384468deeafb268.jpg,0,similar_dhash
train,_img_581_jpg.rf.97d69febc1d9b4525dbbccbda8e74f07.jpg,test,_img_584_jpg.rf.9d501f5ff6da92e20553ca49ee479e9e.jpg,0,similar_dhash
train,_img_583_jpg.rf.a89f34e39fa0929e36e81fe5ad3fefee.jpg,val,_img_557_jpg.rf.3b8db5a3b3c3ad98c7b47cebfe117c21.jpg,4,similar_dhash
train,_img_583_jpg.rf.a89f34e39fa0929e36e81fe5ad3fefee.jpg,val,_img_561_jpg.rf.e96341d234522a1601e7bc7f85920e19.jpg,1,similar_dhash
train,_img_583_jpg.rf.a89f34e39fa0929e36e81fe5ad3fefee.jpg,val,_img_563_jpg.rf.4a0fde933ac3176a5ff65c1f15c0a284.jpg,1,similar_dhash
train,_img_583_jpg.rf.a89f34e39fa0929e36e81fe5ad3fefee.jpg,val,_img_568_jpg.rf.b6daa4c431a46409b94a12c8ee90b766.jpg,0,similar_dhash
train,_img_583_jpg.rf.a89f34e39fa0929e36e81fe5ad3fefee.jpg,val,_img_571_jpg.rf.f0c0bc72205fdb1ccf4d1188cd528099.jpg,0,similar_dhash
train,_img_583_jpg.rf.a89f34e39fa0929e36e81fe5ad3fefee.jpg,val,_img_572_jpg.rf.f9bb65951d5e3de291b04e65bdddfea0.jpg,1,similar_dhash
train,_img_583_jpg.rf.a89f34e39fa0929e36e81fe5ad3fefee.jpg,val,_img_577_jpg.rf.48a7fbaf5c46564615d16270ccadc77c.jpg,0,similar_dhash
train,_img_583_jpg.rf.a89f34e39fa0929e36e81fe5ad3fefee.jpg,val,_img_588_jpg.rf.84a28678c4e6919916636705d18a8bf7.jpg,0,similar_dhash
train,_img_583_jpg.rf.a89f34e39fa0929e36e81fe5ad3fefee.jpg,val,_img_596_jpg.rf.40fddd551b58f72bbf176bf47fc2d564.jpg,0,similar_dhash
train,_img_583_jpg.rf.a89f34e39fa0929e36e81fe5ad3fefee.jpg,val,_img_599_jpg.rf.52e0b8e5ef2622b605909105d5d3e387.jpg,1,similar_dhash
train,_img_583_jpg.rf.a89f34e39fa0929e36e81fe5ad3fefee.jpg,val,_img_611_jpg.rf.727b4cd4047e590bce2a74d382f1a2a0.jpg,1,similar_dhash
train,_img_583_jpg.rf.a89f34e39fa0929e36e81fe5ad3fefee.jpg,val,_img_614_jpg.rf.a427e8708a386ca46903f7d0ba2d5645.jpg,3,similar_dhash
train,_img_583_jpg.rf.a89f34e39fa0929e36e81fe5ad3fefee.jpg,val,_img_615_jpg.rf.b97921ec99ea45cfc994e6f88c719d49.jpg,4,similar_dhash
train,_img_583_jpg.rf.a89f34e39fa0929e36e81fe5ad3fefee.jpg,test,_img_566_jpg.rf.3e0aaaae0a520309889ed9b8a1e6d8e2.jpg,0,similar_dhash
train,_img_583_jpg.rf.a89f34e39fa0929e36e81fe5ad3fefee.jpg,test,_img_578_jpg.rf.4e4ba12752c56d8ff384468deeafb268.jpg,0,similar_dhash
train,_img_583_jpg.rf.a89f34e39fa0929e36e81fe5ad3fefee.jpg,test,_img_584_jpg.rf.9d501f5ff6da92e20553ca49ee479e9e.jpg,0,similar_dhash
train,_img_589_jpg.rf.f2bd16dd56aaa97e22307234516979fd.jpg,val,_img_557_jpg.rf.3b8db5a3b3c3ad98c7b47cebfe117c21.jpg,4,similar_dhash
train,_img_589_jpg.rf.f2bd16dd56aaa97e22307234516979fd.jpg,val,_img_561_jpg.rf.e96341d234522a1601e7bc7f85920e19.jpg,1,similar_dhash
train,_img_589_jpg.rf.f2bd16dd56aaa97e22307234516979fd.jpg,val,_img_563_jpg.rf.4a0fde933ac3176a5ff65c1f15c0a284.jpg,1,similar_dhash
train,_img_589_jpg.rf.f2bd16dd56aaa97e22307234516979fd.jpg,val,_img_568_jpg.rf.b6daa4c431a46409b94a12c8ee90b766.jpg,0,similar_dhash
train,_img_589_jpg.rf.f2bd16dd56aaa97e22307234516979fd.jpg,val,_img_571_jpg.rf.f0c0bc72205fdb1ccf4d1188cd528099.jpg,0,similar_dhash
train,_img_589_jpg.rf.f2bd16dd56aaa97e22307234516979fd.jpg,val,_img_572_jpg.rf.f9bb65951d5e3de291b04e65bdddfea0.jpg,1,similar_dhash
train,_img_589_jpg.rf.f2bd16dd56aaa97e22307234516979fd.jpg,val,_img_577_jpg.rf.48a7fbaf5c46564615d16270ccadc77c.jpg,0,similar_dhash
train,_img_589_jpg.rf.f2bd16dd56aaa97e22307234516979fd.jpg,val,_img_588_jpg.rf.84a28678c4e6919916636705d18a8bf7.jpg,0,similar_dhash
train,_img_589_jpg.rf.f2bd16dd56aaa97e22307234516979fd.jpg,val,_img_596_jpg.rf.40fddd551b58f72bbf176bf47fc2d564.jpg,0,similar_dhash
train,_img_589_jpg.rf.f2bd16dd56aaa97e22307234516979fd.jpg,val,_img_599_jpg.rf.52e0b8e5ef2622b605909105d5d3e387.jpg,1,similar_dhash
train,_img_589_jpg.rf.f2bd16dd56aaa97e22307234516979fd.jpg,val,_img_611_jpg.rf.727b4cd4047e590bce2a74d382f1a2a0.jpg,1,similar_dhash
train,_img_589_jpg.rf.f2bd16dd56aaa97e22307234516979fd.jpg,val,_img_614_jpg.rf.a427e8708a386ca46903f7d0ba2d5645.jpg,3,similar_dhash
train,_img_589_jpg.rf.f2bd16dd56aaa97e22307234516979fd.jpg,val,_img_615_jpg.rf.b97921ec99ea45cfc994e6f88c719d49.jpg,4,similar_dhash
train,_img_589_jpg.rf.f2bd16dd56aaa97e22307234516979fd.jpg,test,_img_566_jpg.rf.3e0aaaae0a520309889ed9b8a1e6d8e2.jpg,0,similar_dhash
train,_img_589_jpg.rf.f2bd16dd56aaa97e22307234516979fd.jpg,test,_img_578_jpg.rf.4e4ba12752c56d8ff384468deeafb268.jpg,0,similar_dhash
train,_img_589_jpg.rf.f2bd16dd56aaa97e22307234516979fd.jpg,test,_img_584_jpg.rf.9d501f5ff6da92e20553ca49ee479e9e.jpg,0,similar_dhash
train,_img_590_jpg.rf.507cfdc38e3c414ceef71ed1473317fc.jpg,val,_img_555_jpg.rf.b6186f39b04ed6dd335697b5217cbef0.jpg,5,similar_dhash
train,_img_590_jpg.rf.507cfdc38e3c414ceef71ed1473317fc.jpg,val,_img_557_jpg.rf.3b8db5a3b3c3ad98c7b47cebfe117c21.jpg,3,similar_dhash
train,_img_590_jpg.rf.507cfdc38e3c414ceef71ed1473317fc.jpg,val,_img_561_jpg.rf.e96341d234522a1601e7bc7f85920e19.jpg,0,similar_dhash
train,_img_590_jpg.rf.507cfdc38e3c414ceef71ed1473317fc.jpg,val,_img_563_jpg.rf.4a0fde933ac3176a5ff65c1f15c0a284.jpg,2,similar_dhash
train,_img_590_jpg.rf.507cfdc38e3c414ceef71ed1473317fc.jpg,val,_img_568_jpg.rf.b6daa4c431a46409b94a12c8ee90b766.jpg,1,similar_dhash
train,_img_590_jpg.rf.507cfdc38e3c414ceef71ed1473317fc.jpg,val,_img_571_jpg.rf.f0c0bc72205fdb1ccf4d1188cd528099.jpg,1,similar_dhash
train,_img_590_jpg.rf.507cfdc38e3c414ceef71ed1473317fc.jpg,val,_img_572_jpg.rf.f9bb65951d5e3de291b04e65bdddfea0.jpg,0,similar_dhash
train,_img_590_jpg.rf.507cfdc38e3c414ceef71ed1473317fc.jpg,val,_img_577_jpg.rf.48a7fbaf5c46564615d16270ccadc77c.jpg,1,similar_dhash
train,_img_590_jpg.rf.507cfdc38e3c414ceef71ed1473317fc.jpg,val,_img_588_jpg.rf.84a28678c4e6919916636705d18a8bf7.jpg,1,similar_dhash
train,_img_590_jpg.rf.507cfdc38e3c414ceef71ed1473317fc.jpg,val,_img_596_jpg.rf.40fddd551b58f72bbf176bf47fc2d564.jpg,1,similar_dhash
train,_img_590_jpg.rf.507cfdc38e3c414ceef71ed1473317fc.jpg,val,_img_599_jpg.rf.52e0b8e5ef2622b605909105d5d3e387.jpg,0,similar_dhash
train,_img_590_jpg.rf.507cfdc38e3c414ceef71ed1473317fc.jpg,val,_img_611_jpg.rf.727b4cd4047e590bce2a74d382f1a2a0.jpg,0,similar_dhash
train,_img_590_jpg.rf.507cfdc38e3c414ceef71ed1473317fc.jpg,val,_img_614_jpg.rf.a427e8708a386ca46903f7d0ba2d5645.jpg,4,similar_dhash
train,_img_590_jpg.rf.507cfdc38e3c414ceef71ed1473317fc.jpg,val,_img_615_jpg.rf.b97921ec99ea45cfc994e6f88c719d49.jpg,5,similar_dhash
train,_img_590_jpg.rf.507cfdc38e3c414ceef71ed1473317fc.jpg,test,_img_566_jpg.rf.3e0aaaae0a520309889ed9b8a1e6d8e2.jpg,1,similar_dhash
train,_img_590_jpg.rf.507cfdc38e3c414ceef71ed1473317fc.jpg,test,_img_578_jpg.rf.4e4ba12752c56d8ff384468deeafb268.jpg,1,similar_dhash
train,_img_590_jpg.rf.507cfdc38e3c414ceef71ed1473317fc.jpg,test,_img_584_jpg.rf.9d501f5ff6da92e20553ca49ee479e9e.jpg,1,similar_dhash
train,_img_592_jpg.rf.260a6844e60998900768eb73ce38146b.jpg,val,_img_555_jpg.rf.b6186f39b04ed6dd335697b5217cbef0.jpg,5,similar_dhash
train,_img_592_jpg.rf.260a6844e60998900768eb73ce38146b.jpg,val,_img_557_jpg.rf.3b8db5a3b3c3ad98c7b47cebfe117c21.jpg,3,similar_dhash
train,_img_592_jpg.rf.260a6844e60998900768eb73ce38146b.jpg,val,_img_561_jpg.rf.e96341d234522a1601e7bc7f85920e19.jpg,0,similar_dhash
train,_img_592_jpg.rf.260a6844e60998900768eb73ce38146b.jpg,val,_img_563_jpg.rf.4a0fde933ac3176a5ff65c1f15c0a284.jpg,2,similar_dhash
train,_img_592_jpg.rf.260a6844e60998900768eb73ce38146b.jpg,val,_img_568_jpg.rf.b6daa4c431a46409b94a12c8ee90b766.jpg,1,similar_dhash
train,_img_592_jpg.rf.260a6844e60998900768eb73ce38146b.jpg,val,_img_571_jpg.rf.f0c0bc72205fdb1ccf4d1188cd528099.jpg,1,similar_dhash
train,_img_592_jpg.rf.260a6844e60998900768eb73ce38146b.jpg,val,_img_572_jpg.rf.f9bb65951d5e3de291b04e65bdddfea0.jpg,0,similar_dhash
train,_img_592_jpg.rf.260a6844e60998900768eb73ce38146b.jpg,val,_img_577_jpg.rf.48a7fbaf5c46564615d16270ccadc77c.jpg,1,similar_dhash
train,_img_592_jpg.rf.260a6844e60998900768eb73ce38146b.jpg,val,_img_588_jpg.rf.84a28678c4e6919916636705d18a8bf7.jpg,1,similar_dhash
train,_img_592_jpg.rf.260a6844e60998900768eb73ce38146b.jpg,val,_img_596_jpg.rf.40fddd551b58f72bbf176bf47fc2d564.jpg,1,similar_dhash
train,_img_592_jpg.rf.260a6844e60998900768eb73ce38146b.jpg,val,_img_599_jpg.rf.52e0b8e5ef2622b605909105d5d3e387.jpg,0,similar_dhash
train,_img_592_jpg.rf.260a6844e60998900768eb73ce38146b.jpg,val,_img_611_jpg.rf.727b4cd4047e590bce2a74d382f1a2a0.jpg,0,similar_dhash
train,_img_592_jpg.rf.260a6844e60998900768eb73ce38146b.jpg,val,_img_614_jpg.rf.a427e8708a386ca46903f7d0ba2d5645.jpg,4,similar_dhash
train,_img_592_jpg.rf.260a6844e60998900768eb73ce38146b.jpg,val,_img_615_jpg.rf.b97921ec99ea45cfc994e6f88c719d49.jpg,5,similar_dhash
train,_img_592_jpg.rf.260a6844e60998900768eb73ce38146b.jpg,test,_img_566_jpg.rf.3e0aaaae0a520309889ed9b8a1e6d8e2.jpg,1,similar_dhash
train,_img_592_jpg.rf.260a6844e60998900768eb73ce38146b.jpg,test,_img_578_jpg.rf.4e4ba12752c56d8ff384468deeafb268.jpg,1,similar_dhash
train,_img_592_jpg.rf.260a6844e60998900768eb73ce38146b.jpg,test,_img_584_jpg.rf.9d501f5ff6da92e20553ca49ee479e9e.jpg,1,similar_dhash
train,_img_594_jpg.rf.8b275d53b2647d8c652efa2dc0a757fd.jpg,val,_img_557_jpg.rf.3b8db5a3b3c3ad98c7b47cebfe117c21.jpg,4,similar_dhash
train,_img_594_jpg.rf.8b275d53b2647d8c652efa2dc0a757fd.jpg,val,_img_561_jpg.rf.e96341d234522a1601e7bc7f85920e19.jpg,1,similar_dhash
train,_img_594_jpg.rf.8b275d53b2647d8c652efa2dc0a757fd.jpg,val,_img_563_jpg.rf.4a0fde933ac3176a5ff65c1f15c0a284.jpg,1,similar_dhash
train,_img_594_jpg.rf.8b275d53b2647d8c652efa2dc0a757fd.jpg,val,_img_568_jpg.rf.b6daa4c431a46409b94a12c8ee90b766.jpg,0,similar_dhash
train,_img_594_jpg.rf.8b275d53b2647d8c652efa2dc0a757fd.jpg,val,_img_571_jpg.rf.f0c0bc72205fdb1ccf4d1188cd528099.jpg,0,similar_dhash
train,_img_594_jpg.rf.8b275d53b2647d8c652efa2dc0a757fd.jpg,val,_img_572_jpg.rf.f9bb65951d5e3de291b04e65bdddfea0.jpg,1,similar_dhash
train,_img_594_jpg.rf.8b275d53b2647d8c652efa2dc0a757fd.jpg,val,_img_577_jpg.rf.48a7fbaf5c46564615d16270ccadc77c.jpg,0,similar_dhash
train,_img_594_jpg.rf.8b275d53b2647d8c652efa2dc0a757fd.jpg,val,_img_588_jpg.rf.84a28678c4e6919916636705d18a8bf7.jpg,0,similar_dhash
train,_img_594_jpg.rf.8b275d53b2647d8c652efa2dc0a757fd.jpg,val,_img_596_jpg.rf.40fddd551b58f72bbf176bf47fc2d564.jpg,0,similar_dhash
train,_img_594_jpg.rf.8b275d53b2647d8c652efa2dc0a757fd.jpg,val,_img_599_jpg.rf.52e0b8e5ef2622b605909105d5d3e387.jpg,1,similar_dhash
train,_img_594_jpg.rf.8b275d53b2647d8c652efa2dc0a757fd.jpg,val,_img_611_jpg.rf.727b4cd4047e590bce2a74d382f1a2a0.jpg,1,similar_dhash
train,_img_594_jpg.rf.8b275d53b2647d8c652efa2dc0a757fd.jpg,val,_img_614_jpg.rf.a427e8708a386ca46903f7d0ba2d5645.jpg,3,similar_dhash
train,_img_594_jpg.rf.8b275d53b2647d8c652efa2dc0a757fd.jpg,val,_img_615_jpg.rf.b97921ec99ea45cfc994e6f88c719d49.jpg,4,similar_dhash
train,_img_594_jpg.rf.8b275d53b2647d8c652efa2dc0a757fd.jpg,test,_img_566_jpg.rf.3e0aaaae0a520309889ed9b8a1e6d8e2.jpg,0,similar_dhash
train,_img_594_jpg.rf.8b275d53b2647d8c652efa2dc0a757fd.jpg,test,_img_578_jpg.rf.4e4ba12752c56d8ff384468deeafb268.jpg,0,similar_dhash
train,_img_594_jpg.rf.8b275d53b2647d8c652efa2dc0a757fd.jpg,test,_img_584_jpg.rf.9d501f5ff6da92e20553ca49ee479e9e.jpg,0,similar_dhash
train,_img_595_jpg.rf.dec323c2dab155aa392edbc1841bd710.jpg,val,_img_557_jpg.rf.3b8db5a3b3c3ad98c7b47cebfe117c21.jpg,4,similar_dhash
train,_img_595_jpg.rf.dec323c2dab155aa392edbc1841bd710.jpg,val,_img_561_jpg.rf.e96341d234522a1601e7bc7f85920e19.jpg,1,similar_dhash
train,_img_595_jpg.rf.dec323c2dab155aa392edbc1841bd710.jpg,val,_img_563_jpg.rf.4a0fde933ac3176a5ff65c1f15c0a284.jpg,1,similar_dhash
train,_img_595_jpg.rf.dec323c2dab155aa392edbc1841bd710.jpg,val,_img_568_jpg.rf.b6daa4c431a46409b94a12c8ee90b766.jpg,0,similar_dhash
train,_img_595_jpg.rf.dec323c2dab155aa392edbc1841bd710.jpg,val,_img_571_jpg.rf.f0c0bc72205fdb1ccf4d1188cd528099.jpg,0,similar_dhash
train,_img_595_jpg.rf.dec323c2dab155aa392edbc1841bd710.jpg,val,_img_572_jpg.rf.f9bb65951d5e3de291b04e65bdddfea0.jpg,1,similar_dhash
train,_img_595_jpg.rf.dec323c2dab155aa392edbc1841bd710.jpg,val,_img_577_jpg.rf.48a7fbaf5c46564615d16270ccadc77c.jpg,0,similar_dhash
train,_img_595_jpg.rf.dec323c2dab155aa392edbc1841bd710.jpg,val,_img_588_jpg.rf.84a28678c4e6919916636705d18a8bf7.jpg,0,similar_dhash
train,_img_595_jpg.rf.dec323c2dab155aa392edbc1841bd710.jpg,val,_img_596_jpg.rf.40fddd551b58f72bbf176bf47fc2d564.jpg,0,similar_dhash
train,_img_595_jpg.rf.dec323c2dab155aa392edbc1841bd710.jpg,val,_img_599_jpg.rf.52e0b8e5ef2622b605909105d5d3e387.jpg,1,similar_dhash
train,_img_595_jpg.rf.dec323c2dab155aa392edbc1841bd710.jpg,val,_img_611_jpg.rf.727b4cd4047e590bce2a74d382f1a2a0.jpg,1,similar_dhash
train,_img_595_jpg.rf.dec323c2dab155aa392edbc1841bd710.jpg,val,_img_614_jpg.rf.a427e8708a386ca46903f7d0ba2d5645.jpg,3,similar_dhash
train,_img_595_jpg.rf.dec323c2dab155aa392edbc1841bd710.jpg,val,_img_615_jpg.rf.b97921ec99ea45cfc994e6f88c719d49.jpg,4,similar_dhash
train,_img_595_jpg.rf.dec323c2dab155aa392edbc1841bd710.jpg,test,_img_566_jpg.rf.3e0aaaae0a520309889ed9b8a1e6d8e2.jpg,0,similar_dhash
train,_img_595_jpg.rf.dec323c2dab155aa392edbc1841bd710.jpg,test,_img_578_jpg.rf.4e4ba12752c56d8ff384468deeafb268.jpg,0,similar_dhash
train,_img_595_jpg.rf.dec323c2dab155aa392edbc1841bd710.jpg,test,_img_584_jpg.rf.9d501f5ff6da92e20553ca49ee479e9e.jpg,0,similar_dhash
train,_img_59_jpg.rf.509ada7e5563a540597c96bd69f4740a.jpg,val,_img_60_jpg.rf.f2dab9627d6158b7476ad2d2ca19d7df.jpg,3,similar_dhash
train,_img_600_jpg.rf.164de8f25c2e8be7a822926efd16a91a.jpg,val,_img_557_jpg.rf.3b8db5a3b3c3ad98c7b47cebfe117c21.jpg,4,similar_dhash
train,_img_600_jpg.rf.164de8f25c2e8be7a822926efd16a91a.jpg,val,_img_561_jpg.rf.e96341d234522a1601e7bc7f85920e19.jpg,1,similar_dhash
train,_img_600_jpg.rf.164de8f25c2e8be7a822926efd16a91a.jpg,val,_img_563_jpg.rf.4a0fde933ac3176a5ff65c1f15c0a284.jpg,1,similar_dhash
train,_img_600_jpg.rf.164de8f25c2e8be7a822926efd16a91a.jpg,val,_img_568_jpg.rf.b6daa4c431a46409b94a12c8ee90b766.jpg,0,similar_dhash
train,_img_600_jpg.rf.164de8f25c2e8be7a822926efd16a91a.jpg,val,_img_571_jpg.rf.f0c0bc72205fdb1ccf4d1188cd528099.jpg,0,similar_dhash
train,_img_600_jpg.rf.164de8f25c2e8be7a822926efd16a91a.jpg,val,_img_572_jpg.rf.f9bb65951d5e3de291b04e65bdddfea0.jpg,1,similar_dhash
train,_img_600_jpg.rf.164de8f25c2e8be7a822926efd16a91a.jpg,val,_img_577_jpg.rf.48a7fbaf5c46564615d16270ccadc77c.jpg,0,similar_dhash
train,_img_600_jpg.rf.164de8f25c2e8be7a822926efd16a91a.jpg,val,_img_588_jpg.rf.84a28678c4e6919916636705d18a8bf7.jpg,0,similar_dhash
train,_img_600_jpg.rf.164de8f25c2e8be7a822926efd16a91a.jpg,val,_img_596_jpg.rf.40fddd551b58f72bbf176bf47fc2d564.jpg,0,similar_dhash
train,_img_600_jpg.rf.164de8f25c2e8be7a822926efd16a91a.jpg,val,_img_599_jpg.rf.52e0b8e5ef2622b605909105d5d3e387.jpg,1,similar_dhash
train,_img_600_jpg.rf.164de8f25c2e8be7a822926efd16a91a.jpg,val,_img_611_jpg.rf.727b4cd4047e590bce2a74d382f1a2a0.jpg,1,similar_dhash
train,_img_600_jpg.rf.164de8f25c2e8be7a822926efd16a91a.jpg,val,_img_614_jpg.rf.a427e8708a386ca46903f7d0ba2d5645.jpg,3,similar_dhash
train,_img_600_jpg.rf.164de8f25c2e8be7a822926efd16a91a.jpg,val,_img_615_jpg.rf.b97921ec99ea45cfc994e6f88c719d49.jpg,4,similar_dhash
train,_img_600_jpg.rf.164de8f25c2e8be7a822926efd16a91a.jpg,test,_img_566_jpg.rf.3e0aaaae0a520309889ed9b8a1e6d8e2.jpg,0,similar_dhash
train,_img_600_jpg.rf.164de8f25c2e8be7a822926efd16a91a.jpg,test,_img_578_jpg.rf.4e4ba12752c56d8ff384468deeafb268.jpg,0,similar_dhash
train,_img_600_jpg.rf.164de8f25c2e8be7a822926efd16a91a.jpg,test,_img_584_jpg.rf.9d501f5ff6da92e20553ca49ee479e9e.jpg,0,similar_dhash
train,_img_606_jpg.rf.db9a720c099bcc7468d3c2ab8128534c.jpg,val,_img_555_jpg.rf.b6186f39b04ed6dd335697b5217cbef0.jpg,5,similar_dhash
train,_img_606_jpg.rf.db9a720c099bcc7468d3c2ab8128534c.jpg,val,_img_557_jpg.rf.3b8db5a3b3c3ad98c7b47cebfe117c21.jpg,3,similar_dhash
train,_img_606_jpg.rf.db9a720c099bcc7468d3c2ab8128534c.jpg,val,_img_561_jpg.rf.e96341d234522a1601e7bc7f85920e19.jpg,0,similar_dhash
train,_img_606_jpg.rf.db9a720c099bcc7468d3c2ab8128534c.jpg,val,_img_563_jpg.rf.4a0fde933ac3176a5ff65c1f15c0a284.jpg,2,similar_dhash
train,_img_606_jpg.rf.db9a720c099bcc7468d3c2ab8128534c.jpg,val,_img_568_jpg.rf.b6daa4c431a46409b94a12c8ee90b766.jpg,1,similar_dhash
train,_img_606_jpg.rf.db9a720c099bcc7468d3c2ab8128534c.jpg,val,_img_571_jpg.rf.f0c0bc72205fdb1ccf4d1188cd528099.jpg,1,similar_dhash
train,_img_606_jpg.rf.db9a720c099bcc7468d3c2ab8128534c.jpg,val,_img_572_jpg.rf.f9bb65951d5e3de291b04e65bdddfea0.jpg,0,similar_dhash
train,_img_606_jpg.rf.db9a720c099bcc7468d3c2ab8128534c.jpg,val,_img_577_jpg.rf.48a7fbaf5c46564615d16270ccadc77c.jpg,1,similar_dhash
train,_img_606_jpg.rf.db9a720c099bcc7468d3c2ab8128534c.jpg,val,_img_588_jpg.rf.84a28678c4e6919916636705d18a8bf7.jpg,1,similar_dhash
train,_img_606_jpg.rf.db9a720c099bcc7468d3c2ab8128534c.jpg,val,_img_596_jpg.rf.40fddd551b58f72bbf176bf47fc2d564.jpg,1,similar_dhash
train,_img_606_jpg.rf.db9a720c099bcc7468d3c2ab8128534c.jpg,val,_img_599_jpg.rf.52e0b8e5ef2622b605909105d5d3e387.jpg,0,similar_dhash
train,_img_606_jpg.rf.db9a720c099bcc7468d3c2ab8128534c.jpg,val,_img_611_jpg.rf.727b4cd4047e590bce2a74d382f1a2a0.jpg,0,similar_dhash
train,_img_606_jpg.rf.db9a720c099bcc7468d3c2ab8128534c.jpg,val,_img_614_jpg.rf.a427e8708a386ca46903f7d0ba2d5645.jpg,4,similar_dhash
train,_img_606_jpg.rf.db9a720c099bcc7468d3c2ab8128534c.jpg,val,_img_615_jpg.rf.b97921ec99ea45cfc994e6f88c719d49.jpg,5,similar_dhash
train,_img_606_jpg.rf.db9a720c099bcc7468d3c2ab8128534c.jpg,test,_img_566_jpg.rf.3e0aaaae0a520309889ed9b8a1e6d8e2.jpg,1,similar_dhash
train,_img_606_jpg.rf.db9a720c099bcc7468d3c2ab8128534c.jpg,test,_img_578_jpg.rf.4e4ba12752c56d8ff384468deeafb268.jpg,1,similar_dhash
train,_img_606_jpg.rf.db9a720c099bcc7468d3c2ab8128534c.jpg,test,_img_584_jpg.rf.9d501f5ff6da92e20553ca49ee479e9e.jpg,1,similar_dhash
train,_img_607_jpg.rf.68837d1946bbd7a3a24849777dc41d99.jpg,val,_img_555_jpg.rf.b6186f39b04ed6dd335697b5217cbef0.jpg,5,similar_dhash
train,_img_607_jpg.rf.68837d1946bbd7a3a24849777dc41d99.jpg,val,_img_557_jpg.rf.3b8db5a3b3c3ad98c7b47cebfe117c21.jpg,3,similar_dhash
train,_img_607_jpg.rf.68837d1946bbd7a3a24849777dc41d99.jpg,val,_img_561_jpg.rf.e96341d234522a1601e7bc7f85920e19.jpg,0,similar_dhash
train,_img_607_jpg.rf.68837d1946bbd7a3a24849777dc41d99.jpg,val,_img_563_jpg.rf.4a0fde933ac3176a5ff65c1f15c0a284.jpg,2,similar_dhash
train,_img_607_jpg.rf.68837d1946bbd7a3a24849777dc41d99.jpg,val,_img_568_jpg.rf.b6daa4c431a46409b94a12c8ee90b766.jpg,1,similar_dhash
train,_img_607_jpg.rf.68837d1946bbd7a3a24849777dc41d99.jpg,val,_img_571_jpg.rf.f0c0bc72205fdb1ccf4d1188cd528099.jpg,1,similar_dhash
train,_img_607_jpg.rf.68837d1946bbd7a3a24849777dc41d99.jpg,val,_img_572_jpg.rf.f9bb65951d5e3de291b04e65bdddfea0.jpg,0,similar_dhash
train,_img_607_jpg.rf.68837d1946bbd7a3a24849777dc41d99.jpg,val,_img_577_jpg.rf.48a7fbaf5c46564615d16270ccadc77c.jpg,1,similar_dhash
train,_img_607_jpg.rf.68837d1946bbd7a3a24849777dc41d99.jpg,val,_img_588_jpg.rf.84a28678c4e6919916636705d18a8bf7.jpg,1,similar_dhash
train,_img_607_jpg.rf.68837d1946bbd7a3a24849777dc41d99.jpg,val,_img_596_jpg.rf.40fddd551b58f72bbf176bf47fc2d564.jpg,1,similar_dhash
train,_img_607_jpg.rf.68837d1946bbd7a3a24849777dc41d99.jpg,val,_img_599_jpg.rf.52e0b8e5ef2622b605909105d5d3e387.jpg,0,similar_dhash
train,_img_607_jpg.rf.68837d1946bbd7a3a24849777dc41d99.jpg,val,_img_611_jpg.rf.727b4cd4047e590bce2a74d382f1a2a0.jpg,0,similar_dhash
train,_img_607_jpg.rf.68837d1946bbd7a3a24849777dc41d99.jpg,val,_img_614_jpg.rf.a427e8708a386ca46903f7d0ba2d5645.jpg,4,similar_dhash
train,_img_607_jpg.rf.68837d1946bbd7a3a24849777dc41d99.jpg,val,_img_615_jpg.rf.b97921ec99ea45cfc994e6f88c719d49.jpg,5,similar_dhash
train,_img_607_jpg.rf.68837d1946bbd7a3a24849777dc41d99.jpg,test,_img_566_jpg.rf.3e0aaaae0a520309889ed9b8a1e6d8e2.jpg,1,similar_dhash
train,_img_607_jpg.rf.68837d1946bbd7a3a24849777dc41d99.jpg,test,_img_578_jpg.rf.4e4ba12752c56d8ff384468deeafb268.jpg,1,similar_dhash
train,_img_607_jpg.rf.68837d1946bbd7a3a24849777dc41d99.jpg,test,_img_584_jpg.rf.9d501f5ff6da92e20553ca49ee479e9e.jpg,1,similar_dhash
train,_img_612_jpg.rf.c8baca2ad07d3822da88db0fc37aa1ca.jpg,val,_img_555_jpg.rf.b6186f39b04ed6dd335697b5217cbef0.jpg,5,similar_dhash
train,_img_612_jpg.rf.c8baca2ad07d3822da88db0fc37aa1ca.jpg,val,_img_557_jpg.rf.3b8db5a3b3c3ad98c7b47cebfe117c21.jpg,3,similar_dhash
train,_img_612_jpg.rf.c8baca2ad07d3822da88db0fc37aa1ca.jpg,val,_img_561_jpg.rf.e96341d234522a1601e7bc7f85920e19.jpg,0,similar_dhash
train,_img_612_jpg.rf.c8baca2ad07d3822da88db0fc37aa1ca.jpg,val,_img_563_jpg.rf.4a0fde933ac3176a5ff65c1f15c0a284.jpg,2,similar_dhash
train,_img_612_jpg.rf.c8baca2ad07d3822da88db0fc37aa1ca.jpg,val,_img_568_jpg.rf.b6daa4c431a46409b94a12c8ee90b766.jpg,1,similar_dhash
train,_img_612_jpg.rf.c8baca2ad07d3822da88db0fc37aa1ca.jpg,val,_img_571_jpg.rf.f0c0bc72205fdb1ccf4d1188cd528099.jpg,1,similar_dhash
train,_img_612_jpg.rf.c8baca2ad07d3822da88db0fc37aa1ca.jpg,val,_img_572_jpg.rf.f9bb65951d5e3de291b04e65bdddfea0.jpg,0,similar_dhash
train,_img_612_jpg.rf.c8baca2ad07d3822da88db0fc37aa1ca.jpg,val,_img_577_jpg.rf.48a7fbaf5c46564615d16270ccadc77c.jpg,1,similar_dhash
train,_img_612_jpg.rf.c8baca2ad07d3822da88db0fc37aa1ca.jpg,val,_img_588_jpg.rf.84a28678c4e6919916636705d18a8bf7.jpg,1,similar_dhash
train,_img_612_jpg.rf.c8baca2ad07d3822da88db0fc37aa1ca.jpg,val,_img_596_jpg.rf.40fddd551b58f72bbf176bf47fc2d564.jpg,1,similar_dhash
train,_img_612_jpg.rf.c8baca2ad07d3822da88db0fc37aa1ca.jpg,val,_img_599_jpg.rf.52e0b8e5ef2622b605909105d5d3e387.jpg,0,similar_dhash
train,_img_612_jpg.rf.c8baca2ad07d3822da88db0fc37aa1ca.jpg,val,_img_611_jpg.rf.727b4cd4047e590bce2a74d382f1a2a0.jpg,0,similar_dhash
train,_img_612_jpg.rf.c8baca2ad07d3822da88db0fc37aa1ca.jpg,val,_img_614_jpg.rf.a427e8708a386ca46903f7d0ba2d5645.jpg,4,similar_dhash
train,_img_612_jpg.rf.c8baca2ad07d3822da88db0fc37aa1ca.jpg,val,_img_615_jpg.rf.b97921ec99ea45cfc994e6f88c719d49.jpg,5,similar_dhash
train,_img_612_jpg.rf.c8baca2ad07d3822da88db0fc37aa1ca.jpg,test,_img_566_jpg.rf.3e0aaaae0a520309889ed9b8a1e6d8e2.jpg,1,similar_dhash
train,_img_612_jpg.rf.c8baca2ad07d3822da88db0fc37aa1ca.jpg,test,_img_578_jpg.rf.4e4ba12752c56d8ff384468deeafb268.jpg,1,similar_dhash
train,_img_612_jpg.rf.c8baca2ad07d3822da88db0fc37aa1ca.jpg,test,_img_584_jpg.rf.9d501f5ff6da92e20553ca49ee479e9e.jpg,1,similar_dhash
train,_img_613_jpg.rf.8ac6adafeb3550720de79165295829ff.jpg,val,_img_557_jpg.rf.3b8db5a3b3c3ad98c7b47cebfe117c21.jpg,5,similar_dhash
train,_img_613_jpg.rf.8ac6adafeb3550720de79165295829ff.jpg,val,_img_561_jpg.rf.e96341d234522a1601e7bc7f85920e19.jpg,2,similar_dhash
train,_img_613_jpg.rf.8ac6adafeb3550720de79165295829ff.jpg,val,_img_563_jpg.rf.4a0fde933ac3176a5ff65c1f15c0a284.jpg,2,similar_dhash
train,_img_613_jpg.rf.8ac6adafeb3550720de79165295829ff.jpg,val,_img_568_jpg.rf.b6daa4c431a46409b94a12c8ee90b766.jpg,1,similar_dhash
train,_img_613_jpg.rf.8ac6adafeb3550720de79165295829ff.jpg,val,_img_571_jpg.rf.f0c0bc72205fdb1ccf4d1188cd528099.jpg,1,similar_dhash
train,_img_613_jpg.rf.8ac6adafeb3550720de79165295829ff.jpg,val,_img_572_jpg.rf.f9bb65951d5e3de291b04e65bdddfea0.jpg,2,similar_dhash
train,_img_613_jpg.rf.8ac6adafeb3550720de79165295829ff.jpg,val,_img_577_jpg.rf.48a7fbaf5c46564615d16270ccadc77c.jpg,1,similar_dhash
train,_img_613_jpg.rf.8ac6adafeb3550720de79165295829ff.jpg,val,_img_588_jpg.rf.84a28678c4e6919916636705d18a8bf7.jpg,1,similar_dhash
train,_img_613_jpg.rf.8ac6adafeb3550720de79165295829ff.jpg,val,_img_596_jpg.rf.40fddd551b58f72bbf176bf47fc2d564.jpg,1,similar_dhash
train,_img_613_jpg.rf.8ac6adafeb3550720de79165295829ff.jpg,val,_img_599_jpg.rf.52e0b8e5ef2622b605909105d5d3e387.jpg,2,similar_dhash
train,_img_613_jpg.rf.8ac6adafeb3550720de79165295829ff.jpg,val,_img_611_jpg.rf.727b4cd4047e590bce2a74d382f1a2a0.jpg,2,similar_dhash
train,_img_613_jpg.rf.8ac6adafeb3550720de79165295829ff.jpg,val,_img_614_jpg.rf.a427e8708a386ca46903f7d0ba2d5645.jpg,2,similar_dhash
train,_img_613_jpg.rf.8ac6adafeb3550720de79165295829ff.jpg,val,_img_615_jpg.rf.b97921ec99ea45cfc994e6f88c719d49.jpg,3,similar_dhash
train,_img_613_jpg.rf.8ac6adafeb3550720de79165295829ff.jpg,test,_img_566_jpg.rf.3e0aaaae0a520309889ed9b8a1e6d8e2.jpg,1,similar_dhash
train,_img_613_jpg.rf.8ac6adafeb3550720de79165295829ff.jpg,test,_img_578_jpg.rf.4e4ba12752c56d8ff384468deeafb268.jpg,1,similar_dhash
train,_img_613_jpg.rf.8ac6adafeb3550720de79165295829ff.jpg,test,_img_584_jpg.rf.9d501f5ff6da92e20553ca49ee479e9e.jpg,1,similar_dhash
train,_img_617_jpg.rf.6edc9a6ccbdb026ee5bd4900f82395a9.jpg,val,_img_561_jpg.rf.e96341d234522a1601e7bc7f85920e19.jpg,5,similar_dhash
train,_img_617_jpg.rf.6edc9a6ccbdb026ee5bd4900f82395a9.jpg,val,_img_563_jpg.rf.4a0fde933ac3176a5ff65c1f15c0a284.jpg,5,similar_dhash
train,_img_617_jpg.rf.6edc9a6ccbdb026ee5bd4900f82395a9.jpg,val,_img_568_jpg.rf.b6daa4c431a46409b94a12c8ee90b766.jpg,4,similar_dhash
train,_img_617_jpg.rf.6edc9a6ccbdb026ee5bd4900f82395a9.jpg,val,_img_571_jpg.rf.f0c0bc72205fdb1ccf4d1188cd528099.jpg,4,similar_dhash
train,_img_617_jpg.rf.6edc9a6ccbdb026ee5bd4900f82395a9.jpg,val,_img_572_jpg.rf.f9bb65951d5e3de291b04e65bdddfea0.jpg,5,similar_dhash
train,_img_617_jpg.rf.6edc9a6ccbdb026ee5bd4900f82395a9.jpg,val,_img_577_jpg.rf.48a7fbaf5c46564615d16270ccadc77c.jpg,4,similar_dhash
train,_img_617_jpg.rf.6edc9a6ccbdb026ee5bd4900f82395a9.jpg,val,_img_588_jpg.rf.84a28678c4e6919916636705d18a8bf7.jpg,4,similar_dhash
train,_img_617_jpg.rf.6edc9a6ccbdb026ee5bd4900f82395a9.jpg,val,_img_596_jpg.rf.40fddd551b58f72bbf176bf47fc2d564.jpg,4,similar_dhash
train,_img_617_jpg.rf.6edc9a6ccbdb026ee5bd4900f82395a9.jpg,val,_img_599_jpg.rf.52e0b8e5ef2622b605909105d5d3e387.jpg,5,similar_dhash
train,_img_617_jpg.rf.6edc9a6ccbdb026ee5bd4900f82395a9.jpg,val,_img_611_jpg.rf.727b4cd4047e590bce2a74d382f1a2a0.jpg,5,similar_dhash
train,_img_617_jpg.rf.6edc9a6ccbdb026ee5bd4900f82395a9.jpg,val,_img_614_jpg.rf.a427e8708a386ca46903f7d0ba2d5645.jpg,1,similar_dhash
train,_img_617_jpg.rf.6edc9a6ccbdb026ee5bd4900f82395a9.jpg,val,_img_615_jpg.rf.b97921ec99ea45cfc994e6f88c719d49.jpg,0,similar_dhash
train,_img_617_jpg.rf.6edc9a6ccbdb026ee5bd4900f82395a9.jpg,test,_img_566_jpg.rf.3e0aaaae0a520309889ed9b8a1e6d8e2.jpg,4,similar_dhash
train,_img_617_jpg.rf.6edc9a6ccbdb026ee5bd4900f82395a9.jpg,test,_img_578_jpg.rf.4e4ba12752c56d8ff384468deeafb268.jpg,4,similar_dhash
train,_img_617_jpg.rf.6edc9a6ccbdb026ee5bd4900f82395a9.jpg,test,_img_584_jpg.rf.9d501f5ff6da92e20553ca49ee479e9e.jpg,4,similar_dhash
train,_img_618_jpg.rf.9924640b7ef34c49bc0f97accb68ee54.jpg,val,_img_568_jpg.rf.b6daa4c431a46409b94a12c8ee90b766.jpg,5,similar_dhash
train,_img_618_jpg.rf.9924640b7ef34c49bc0f97accb68ee54.jpg,val,_img_571_jpg.rf.f0c0bc72205fdb1ccf4d1188cd528099.jpg,5,similar_dhash
train,_img_618_jpg.rf.9924640b7ef34c49bc0f97accb68ee54.jpg,val,_img_577_jpg.rf.48a7fbaf5c46564615d16270ccadc77c.jpg,5,similar_dhash
train,_img_618_jpg.rf.9924640b7ef34c49bc0f97accb68ee54.jpg,val,_img_588_jpg.rf.84a28678c4e6919916636705d18a8bf7.jpg,5,similar_dhash
train,_img_618_jpg.rf.9924640b7ef34c49bc0f97accb68ee54.jpg,val,_img_596_jpg.rf.40fddd551b58f72bbf176bf47fc2d564.jpg,5,similar_dhash
train,_img_618_jpg.rf.9924640b7ef34c49bc0f97accb68ee54.jpg,val,_img_614_jpg.rf.a427e8708a386ca46903f7d0ba2d5645.jpg,2,similar_dhash
train,_img_618_jpg.rf.9924640b7ef34c49bc0f97accb68ee54.jpg,val,_img_615_jpg.rf.b97921ec99ea45cfc994e6f88c719d49.jpg,1,similar_dhash
train,_img_618_jpg.rf.9924640b7ef34c49bc0f97accb68ee54.jpg,test,_img_566_jpg.rf.3e0aaaae0a520309889ed9b8a1e6d8e2.jpg,5,similar_dhash
train,_img_618_jpg.rf.9924640b7ef34c49bc0f97accb68ee54.jpg,test,_img_578_jpg.rf.4e4ba12752c56d8ff384468deeafb268.jpg,5,similar_dhash
train,_img_618_jpg.rf.9924640b7ef34c49bc0f97accb68ee54.jpg,test,_img_584_jpg.rf.9d501f5ff6da92e20553ca49ee479e9e.jpg,5,similar_dhash
train,_img_619_jpg.rf.6c1bc424dce05faaddc14193efd00026.jpg,val,_img_614_jpg.rf.a427e8708a386ca46903f7d0ba2d5645.jpg,3,similar_dhash
train,_img_619_jpg.rf.6c1bc424dce05faaddc14193efd00026.jpg,val,_img_615_jpg.rf.b97921ec99ea45cfc994e6f88c719d49.jpg,4,similar_dhash
train,_img_61_jpg.rf.401e1a2a5b3eb6ae30998cf3c0d91b4d.jpg,val,_img_60_jpg.rf.f2dab9627d6158b7476ad2d2ca19d7df.jpg,0,similar_dhash
train,_img_62_jpg.rf.d57b2d6bd3e25753c30c76fe84c75dd1.jpg,val,_img_60_jpg.rf.f2dab9627d6158b7476ad2d2ca19d7df.jpg,4,similar_dhash
train,_img_635_jpg.rf.76f0eaa4a7a1572bf1c4524c502082dc.jpg,val,_img_638_jpg.rf.605ffb4206406763dbee18c54eecc813.jpg,5,similar_dhash
train,_img_635_jpg.rf.76f0eaa4a7a1572bf1c4524c502082dc.jpg,val,_img_663_jpg.rf.ee4c5a1ff9dfabd25306c4d65f7e7992.jpg,4,similar_dhash
train,_img_635_jpg.rf.76f0eaa4a7a1572bf1c4524c502082dc.jpg,test,_img_640_jpg.rf.5e51012546b8bfca0c3338b632404cb1.jpg,5,similar_dhash
train,_img_636_jpg.rf.0f884a3b7c672ccf2d6299f4baa632d7.jpg,val,_img_638_jpg.rf.605ffb4206406763dbee18c54eecc813.jpg,3,similar_dhash
train,_img_636_jpg.rf.0f884a3b7c672ccf2d6299f4baa632d7.jpg,val,_img_663_jpg.rf.ee4c5a1ff9dfabd25306c4d65f7e7992.jpg,2,similar_dhash
train,_img_636_jpg.rf.0f884a3b7c672ccf2d6299f4baa632d7.jpg,val,_img_669_jpg.rf.879c9363920d760aa70caed2ba708381.jpg,4,similar_dhash
train,_img_636_jpg.rf.0f884a3b7c672ccf2d6299f4baa632d7.jpg,test,_img_640_jpg.rf.5e51012546b8bfca0c3338b632404cb1.jpg,5,similar_dhash
train,_img_636_jpg.rf.0f884a3b7c672ccf2d6299f4baa632d7.jpg,test,_img_649_jpg.rf.cbf0f47b01e169bc3f07086df00c7a17.jpg,4,similar_dhash
train,_img_637_jpg.rf.9a17d607a8330a7f478326795ae23f20.jpg,val,_img_638_jpg.rf.605ffb4206406763dbee18c54eecc813.jpg,1,similar_dhash
train,_img_637_jpg.rf.9a17d607a8330a7f478326795ae23f20.jpg,val,_img_663_jpg.rf.ee4c5a1ff9dfabd25306c4d65f7e7992.jpg,0,similar_dhash
train,_img_637_jpg.rf.9a17d607a8330a7f478326795ae23f20.jpg,val,_img_669_jpg.rf.879c9363920d760aa70caed2ba708381.jpg,2,similar_dhash
train,_img_637_jpg.rf.9a17d607a8330a7f478326795ae23f20.jpg,val,_img_677_jpg.rf.72f806a83964b60f6ad5a18b3506f04c.jpg,4,similar_dhash
train,_img_637_jpg.rf.9a17d607a8330a7f478326795ae23f20.jpg,test,_img_640_jpg.rf.5e51012546b8bfca0c3338b632404cb1.jpg,5,similar_dhash
train,_img_637_jpg.rf.9a17d607a8330a7f478326795ae23f20.jpg,test,_img_649_jpg.rf.cbf0f47b01e169bc3f07086df00c7a17.jpg,4,similar_dhash
train,_img_639_jpg.rf.3b9d75252104a9a6f0dfb94f9066cacf.jpg,val,_img_638_jpg.rf.605ffb4206406763dbee18c54eecc813.jpg,5,similar_dhash
train,_img_639_jpg.rf.3b9d75252104a9a6f0dfb94f9066cacf.jpg,val,_img_660_jpg.rf.7123a445fc6df602cfe77204c8cf3ea0.jpg,5,similar_dhash
train,_img_639_jpg.rf.3b9d75252104a9a6f0dfb94f9066cacf.jpg,test,_img_640_jpg.rf.5e51012546b8bfca0c3338b632404cb1.jpg,3,similar_dhash
train,_img_643_jpg.rf.f73258a6f27be8261210b98ddaa3e57b.jpg,val,_img_638_jpg.rf.605ffb4206406763dbee18c54eecc813.jpg,0,similar_dhash
train,_img_643_jpg.rf.f73258a6f27be8261210b98ddaa3e57b.jpg,val,_img_663_jpg.rf.ee4c5a1ff9dfabd25306c4d65f7e7992.jpg,1,similar_dhash
train,_img_643_jpg.rf.f73258a6f27be8261210b98ddaa3e57b.jpg,val,_img_669_jpg.rf.879c9363920d760aa70caed2ba708381.jpg,3,similar_dhash
train,_img_643_jpg.rf.f73258a6f27be8261210b98ddaa3e57b.jpg,val,_img_677_jpg.rf.72f806a83964b60f6ad5a18b3506f04c.jpg,5,similar_dhash
train,_img_643_jpg.rf.f73258a6f27be8261210b98ddaa3e57b.jpg,test,_img_649_jpg.rf.cbf0f47b01e169bc3f07086df00c7a17.jpg,5,similar_dhash
train,_img_648_jpg.rf.1ffe3058a4338a9bc09e13708cd50c18.jpg,val,_img_663_jpg.rf.ee4c5a1ff9dfabd25306c4d65f7e7992.jpg,5,similar_dhash
train,_img_648_jpg.rf.1ffe3058a4338a9bc09e13708cd50c18.jpg,val,_img_669_jpg.rf.879c9363920d760aa70caed2ba708381.jpg,3,similar_dhash
train,_img_648_jpg.rf.1ffe3058a4338a9bc09e13708cd50c18.jpg,val,_img_677_jpg.rf.72f806a83964b60f6ad5a18b3506f04c.jpg,1,similar_dhash
train,_img_648_jpg.rf.1ffe3058a4338a9bc09e13708cd50c18.jpg,test,_img_649_jpg.rf.cbf0f47b01e169bc3f07086df00c7a17.jpg,1,similar_dhash
train,_img_650_jpg.rf.78c3e8deaab78443cb12641ff05a34ce.jpg,val,_img_669_jpg.rf.879c9363920d760aa70caed2ba708381.jpg,5,similar_dhash
train,_img_650_jpg.rf.78c3e8deaab78443cb12641ff05a34ce.jpg,val,_img_677_jpg.rf.72f806a83964b60f6ad5a18b3506f04c.jpg,3,similar_dhash
train,_img_650_jpg.rf.78c3e8deaab78443cb12641ff05a34ce.jpg,test,_img_645_jpg.rf.482011a2afb4322550165f4508069b38.jpg,4,similar_dhash
train,_img_650_jpg.rf.78c3e8deaab78443cb12641ff05a34ce.jpg,test,_img_649_jpg.rf.cbf0f47b01e169bc3f07086df00c7a17.jpg,3,similar_dhash
train,_img_652_jpg.rf.0d7a40ecefc1120f6a5b913b4a7e738e.jpg,val,_img_638_jpg.rf.605ffb4206406763dbee18c54eecc813.jpg,4,similar_dhash
train,_img_652_jpg.rf.0d7a40ecefc1120f6a5b913b4a7e738e.jpg,val,_img_663_jpg.rf.ee4c5a1ff9dfabd25306c4d65f7e7992.jpg,5,similar_dhash
train,_img_652_jpg.rf.0d7a40ecefc1120f6a5b913b4a7e738e.jpg,val,_img_669_jpg.rf.879c9363920d760aa70caed2ba708381.jpg,5,similar_dhash
train,_img_652_jpg.rf.0d7a40ecefc1120f6a5b913b4a7e738e.jpg,val,_img_677_jpg.rf.72f806a83964b60f6ad5a18b3506f04c.jpg,3,similar_dhash
train,_img_652_jpg.rf.0d7a40ecefc1120f6a5b913b4a7e738e.jpg,test,_img_649_jpg.rf.cbf0f47b01e169bc3f07086df00c7a17.jpg,1,similar_dhash
train,_img_653_jpg.rf.73a39f19f59cdc7aff81f505d5bcb6cd.jpg,val,_img_638_jpg.rf.605ffb4206406763dbee18c54eecc813.jpg,3,similar_dhash
train,_img_653_jpg.rf.73a39f19f59cdc7aff81f505d5bcb6cd.jpg,val,_img_663_jpg.rf.ee4c5a1ff9dfabd25306c4d65f7e7992.jpg,4,similar_dhash
train,_img_653_jpg.rf.73a39f19f59cdc7aff81f505d5bcb6cd.jpg,val,_img_677_jpg.rf.72f806a83964b60f6ad5a18b3506f04c.jpg,4,similar_dhash
train,_img_653_jpg.rf.73a39f19f59cdc7aff81f505d5bcb6cd.jpg,test,_img_649_jpg.rf.cbf0f47b01e169bc3f07086df00c7a17.jpg,2,similar_dhash
train,_img_654_jpg.rf.6c4c0d8f94cfb057ff66bf2218e9039e.jpg,test,_img_640_jpg.rf.5e51012546b8bfca0c3338b632404cb1.jpg,1,similar_dhash
train,_img_656_jpg.rf.6d47535f4d0ee89e26db10a6a4dc0e0c.jpg,val,_img_660_jpg.rf.7123a445fc6df602cfe77204c8cf3ea0.jpg,4,similar_dhash
train,_img_659_jpg.rf.65e33549dc92cc73340f81dcb00fb24c.jpg,val,_img_660_jpg.rf.7123a445fc6df602cfe77204c8cf3ea0.jpg,5,similar_dhash
train,_img_661_jpg.rf.ea60098c6c9a15735b20d5875316eb22.jpg,val,_img_663_jpg.rf.ee4c5a1ff9dfabd25306c4d65f7e7992.jpg,5,similar_dhash
train,_img_661_jpg.rf.ea60098c6c9a15735b20d5875316eb22.jpg,test,_img_640_jpg.rf.5e51012546b8bfca0c3338b632404cb1.jpg,0,similar_dhash
train,_img_662_jpg.rf.3ffa0ccf859a8f7cc3b2534b80421145.jpg,val,_img_638_jpg.rf.605ffb4206406763dbee18c54eecc813.jpg,1,similar_dhash
train,_img_662_jpg.rf.3ffa0ccf859a8f7cc3b2534b80421145.jpg,val,_img_663_jpg.rf.ee4c5a1ff9dfabd25306c4d65f7e7992.jpg,2,similar_dhash
train,_img_662_jpg.rf.3ffa0ccf859a8f7cc3b2534b80421145.jpg,val,_img_669_jpg.rf.879c9363920d760aa70caed2ba708381.jpg,4,similar_dhash
train,_img_662_jpg.rf.3ffa0ccf859a8f7cc3b2534b80421145.jpg,test,_img_640_jpg.rf.5e51012546b8bfca0c3338b632404cb1.jpg,5,similar_dhash
train,_img_664_jpg.rf.6869290edf4eb426ee3833b25bfec1ff.jpg,val,_img_638_jpg.rf.605ffb4206406763dbee18c54eecc813.jpg,1,similar_dhash
train,_img_664_jpg.rf.6869290edf4eb426ee3833b25bfec1ff.jpg,val,_img_663_jpg.rf.ee4c5a1ff9dfabd25306c4d65f7e7992.jpg,2,similar_dhash
train,_img_664_jpg.rf.6869290edf4eb426ee3833b25bfec1ff.jpg,val,_img_669_jpg.rf.879c9363920d760aa70caed2ba708381.jpg,4,similar_dhash
train,_img_664_jpg.rf.6869290edf4eb426ee3833b25bfec1ff.jpg,test,_img_640_jpg.rf.5e51012546b8bfca0c3338b632404cb1.jpg,5,similar_dhash
train,_img_665_jpg.rf.43256398be991346f0db588ab270ef85.jpg,val,_img_663_jpg.rf.ee4c5a1ff9dfabd25306c4d65f7e7992.jpg,5,similar_dhash
train,_img_665_jpg.rf.43256398be991346f0db588ab270ef85.jpg,test,_img_640_jpg.rf.5e51012546b8bfca0c3338b632404cb1.jpg,0,similar_dhash
train,_img_666_jpg.rf.9a8f2afdd034eabcdf77c6c52e61e125.jpg,val,_img_638_jpg.rf.605ffb4206406763dbee18c54eecc813.jpg,1,similar_dhash
train,_img_666_jpg.rf.9a8f2afdd034eabcdf77c6c52e61e125.jpg,val,_img_663_jpg.rf.ee4c5a1ff9dfabd25306c4d65f7e7992.jpg,2,similar_dhash
train,_img_666_jpg.rf.9a8f2afdd034eabcdf77c6c52e61e125.jpg,val,_img_669_jpg.rf.879c9363920d760aa70caed2ba708381.jpg,4,similar_dhash
train,_img_666_jpg.rf.9a8f2afdd034eabcdf77c6c52e61e125.jpg,test,_img_640_jpg.rf.5e51012546b8bfca0c3338b632404cb1.jpg,5,similar_dhash
train,_img_667_jpg.rf.b763490117ef19da430d215fa2705f9c.jpg,val,_img_638_jpg.rf.605ffb4206406763dbee18c54eecc813.jpg,1,similar_dhash
train,_img_667_jpg.rf.b763490117ef19da430d215fa2705f9c.jpg,val,_img_663_jpg.rf.ee4c5a1ff9dfabd25306c4d65f7e7992.jpg,0,similar_dhash
train,_img_667_jpg.rf.b763490117ef19da430d215fa2705f9c.jpg,val,_img_669_jpg.rf.879c9363920d760aa70caed2ba708381.jpg,2,similar_dhash
train,_img_667_jpg.rf.b763490117ef19da430d215fa2705f9c.jpg,val,_img_677_jpg.rf.72f806a83964b60f6ad5a18b3506f04c.jpg,4,similar_dhash
train,_img_667_jpg.rf.b763490117ef19da430d215fa2705f9c.jpg,test,_img_640_jpg.rf.5e51012546b8bfca0c3338b632404cb1.jpg,5,similar_dhash
train,_img_667_jpg.rf.b763490117ef19da430d215fa2705f9c.jpg,test,_img_649_jpg.rf.cbf0f47b01e169bc3f07086df00c7a17.jpg,4,similar_dhash
train,_img_668_jpg.rf.6874a8a8ec9353217a56d61d7c192f81.jpg,val,_img_638_jpg.rf.605ffb4206406763dbee18c54eecc813.jpg,3,similar_dhash
train,_img_668_jpg.rf.6874a8a8ec9353217a56d61d7c192f81.jpg,val,_img_663_jpg.rf.ee4c5a1ff9dfabd25306c4d65f7e7992.jpg,2,similar_dhash
train,_img_668_jpg.rf.6874a8a8ec9353217a56d61d7c192f81.jpg,val,_img_669_jpg.rf.879c9363920d760aa70caed2ba708381.jpg,0,similar_dhash
train,_img_668_jpg.rf.6874a8a8ec9353217a56d61d7c192f81.jpg,val,_img_677_jpg.rf.72f806a83964b60f6ad5a18b3506f04c.jpg,2,similar_dhash
train,_img_668_jpg.rf.6874a8a8ec9353217a56d61d7c192f81.jpg,test,_img_649_jpg.rf.cbf0f47b01e169bc3f07086df00c7a17.jpg,4,similar_dhash
train,_img_670_jpg.rf.468c2722d8d8c0d3d815fe118faee422.jpg,test,_img_645_jpg.rf.482011a2afb4322550165f4508069b38.jpg,5,similar_dhash
train,_img_676_jpg.rf.9c8975affbe6f529230f33a4a23e2040.jpg,test,_img_645_jpg.rf.482011a2afb4322550165f4508069b38.jpg,3,similar_dhash
train,_img_78_jpg.rf.3d88c2f45d8721e80c8354ae1c1db1f9.jpg,val,_img_82_jpg.rf.2e2a4b13b5c4cc93a9bb0a41276c5819.jpg,0,similar_dhash
train,_img_79_jpg.rf.d60a0aaf8baf24a9b4910346d0c0a861.jpg,val,_img_82_jpg.rf.2e2a4b13b5c4cc93a9bb0a41276c5819.jpg,0,similar_dhash
train,_img_81_jpg.rf.fd9d340f1779c4962839f6c0ccff39ec.jpg,val,_img_82_jpg.rf.2e2a4b13b5c4cc93a9bb0a41276c5819.jpg,0,similar_dhash
train,_img_86_jpg.rf.51e6b1e3798cb956edeaaa1a7e751bb4.jpg,val,_img_82_jpg.rf.2e2a4b13b5c4cc93a9bb0a41276c5819.jpg,0,similar_dhash
train,_img_87_jpg.rf.b32fa272da6fd4da3ec80940ed2d73b6.jpg,val,_img_82_jpg.rf.2e2a4b13b5c4cc93a9bb0a41276c5819.jpg,0,similar_dhash
train,_img_88_jpg.rf.3b8cb82d6d3573d88918c96dd10122ba.jpg,val,_img_89_jpg.rf.7dee947a9a8310b099a119439a762048.jpg,2,similar_dhash
train,_img_90_jpg.rf.77be7c0cda4c71c40db36d824277ab05.jpg,val,_img_89_jpg.rf.7dee947a9a8310b099a119439a762048.jpg,2,similar_dhash
train,_img_95_jpg.rf.d2fed3217d885974cefefdcbf5ed777f.jpg,val,_img_77_jpg.rf.1d110fb6f13a662536874fef4862d87c.jpg,5,similar_dhash
train,_img_97_jpg.rf.7286192ebf38313eb868eee9efe4d759.jpg,val,_img_98_jpg.rf.813e25038d1c64c2c600edb917a3e44b.jpg,1,similar_dhash
train,_img_97_jpg.rf.7286192ebf38313eb868eee9efe4d759.jpg,test,_img_103_jpg.rf.ece2f0477b1a123805161024fffb2a09.jpg,5,similar_dhash
train,_img_99_jpg.rf.badf0ec1cb731d935e71a185a3eeb005.jpg,val,_img_98_jpg.rf.813e25038d1c64c2c600edb917a3e44b.jpg,2,similar_dhash
val,_img_102_jpg.rf.15df5e44c1609a03e07b711ad83d05ca.jpg,test,_img_103_jpg.rf.ece2f0477b1a123805161024fffb2a09.jpg,4,similar_dhash
val,_img_217_jpg.rf.11d874af90efb236403f573653819ad7.jpg,test,_img_216_jpg.rf.d267339aa2200dcc72bc7e2b60a70612.jpg,2,similar_dhash
val,_img_36_jpg.rf.aeaec81ac7fb9406dac155e8c24d2bea.jpg,test,_img_47_jpg.rf.1d94e6200c537e73db4e3a30a525016a.jpg,1,similar_dhash
val,_img_36_jpg.rf.aeaec81ac7fb9406dac155e8c24d2bea.jpg,test,_img_48_jpg.rf.c5ade7f33fd49144d76e29eb730cea72.jpg,3,similar_dhash
val,_img_397_jpg.rf.dcc21bf6845c1b9d0a15ab6b33fcdf55.jpg,test,_img_398_jpg.rf.c90c43668d1793e647eb130ab3d9cd4b.jpg,1,similar_dhash
val,_img_399_jpg.rf.26f505806a516b7418998571fc2c9336.jpg,test,_img_398_jpg.rf.c90c43668d1793e647eb130ab3d9cd4b.jpg,1,similar_dhash
val,_img_407_jpg.rf.06cce73729a5afba697b54a29ced5131.jpg,test,_img_398_jpg.rf.c90c43668d1793e647eb130ab3d9cd4b.jpg,4,similar_dhash
val,_img_45_jpg.rf.dd9c9525a4353117c0d9a88779fba6b0.jpg,test,_img_47_jpg.rf.1d94e6200c537e73db4e3a30a525016a.jpg,1,similar_dhash
val,_img_45_jpg.rf.dd9c9525a4353117c0d9a88779fba6b0.jpg,test,_img_48_jpg.rf.c5ade7f33fd49144d76e29eb730cea72.jpg,3,similar_dhash
val,_img_481_jpg.rf.715c336d4af2e31f33b48fac349ac09f.jpg,test,_img_482_jpg.rf.0be1e07879b0ebdfb88009373eab84a4.jpg,3,similar_dhash
val,_img_481_jpg.rf.715c336d4af2e31f33b48fac349ac09f.jpg,test,_img_483_jpg.rf.75230493a8d6fa749bd9d1b2a58d2b44.jpg,5,similar_dhash
val,_img_509_jpg.rf.cf7491e4a2e6d20935c07f5010174fef.jpg,test,_img_508_jpg.rf.db8bfdfe42b3c42ed61c36c9a5e2c6bf.jpg,1,similar_dhash
val,_img_509_jpg.rf.cf7491e4a2e6d20935c07f5010174fef.jpg,test,_img_511_jpg.rf.845dd371d321636175cc7f68ed8ae770.jpg,5,similar_dhash
val,_img_509_jpg.rf.cf7491e4a2e6d20935c07f5010174fef.jpg,test,_img_512_jpg.rf.4f1aba9a7adfa8c677fa7afb2e5b37bc.jpg,3,similar_dhash
val,_img_510_jpg.rf.143596fad2883836091c5c188cc29654.jpg,test,_img_508_jpg.rf.db8bfdfe42b3c42ed61c36c9a5e2c6bf.jpg,3,similar_dhash
val,_img_510_jpg.rf.143596fad2883836091c5c188cc29654.jpg,test,_img_511_jpg.rf.845dd371d321636175cc7f68ed8ae770.jpg,3,similar_dhash
val,_img_510_jpg.rf.143596fad2883836091c5c188cc29654.jpg,test,_img_512_jpg.rf.4f1aba9a7adfa8c677fa7afb2e5b37bc.jpg,3,similar_dhash
val,_img_557_jpg.rf.3b8db5a3b3c3ad98c7b47cebfe117c21.jpg,test,_img_566_jpg.rf.3e0aaaae0a520309889ed9b8a1e6d8e2.jpg,4,similar_dhash
val,_img_557_jpg.rf.3b8db5a3b3c3ad98c7b47cebfe117c21.jpg,test,_img_578_jpg.rf.4e4ba12752c56d8ff384468deeafb268.jpg,4,similar_dhash
val,_img_557_jpg.rf.3b8db5a3b3c3ad98c7b47cebfe117c21.jpg,test,_img_584_jpg.rf.9d501f5ff6da92e20553ca49ee479e9e.jpg,4,similar_dhash
val,_img_561_jpg.rf.e96341d234522a1601e7bc7f85920e19.jpg,test,_img_566_jpg.rf.3e0aaaae0a520309889ed9b8a1e6d8e2.jpg,1,similar_dhash
val,_img_561_jpg.rf.e96341d234522a1601e7bc7f85920e19.jpg,test,_img_578_jpg.rf.4e4ba12752c56d8ff384468deeafb268.jpg,1,similar_dhash
val,_img_561_jpg.rf.e96341d234522a1601e7bc7f85920e19.jpg,test,_img_584_jpg.rf.9d501f5ff6da92e20553ca49ee479e9e.jpg,1,similar_dhash
val,_img_563_jpg.rf.4a0fde933ac3176a5ff65c1f15c0a284.jpg,test,_img_566_jpg.rf.3e0aaaae0a520309889ed9b8a1e6d8e2.jpg,1,similar_dhash
val,_img_563_jpg.rf.4a0fde933ac3176a5ff65c1f15c0a284.jpg,test,_img_578_jpg.rf.4e4ba12752c56d8ff384468deeafb268.jpg,1,similar_dhash
val,_img_563_jpg.rf.4a0fde933ac3176a5ff65c1f15c0a284.jpg,test,_img_584_jpg.rf.9d501f5ff6da92e20553ca49ee479e9e.jpg,1,similar_dhash
val,_img_568_jpg.rf.b6daa4c431a46409b94a12c8ee90b766.jpg,test,_img_566_jpg.rf.3e0aaaae0a520309889ed9b8a1e6d8e2.jpg,0,similar_dhash
val,_img_568_jpg.rf.b6daa4c431a46409b94a12c8ee90b766.jpg,test,_img_578_jpg.rf.4e4ba12752c56d8ff384468deeafb268.jpg,0,similar_dhash
val,_img_568_jpg.rf.b6daa4c431a46409b94a12c8ee90b766.jpg,test,_img_584_jpg.rf.9d501f5ff6da92e20553ca49ee479e9e.jpg,0,similar_dhash
val,_img_571_jpg.rf.f0c0bc72205fdb1ccf4d1188cd528099.jpg,test,_img_566_jpg.rf.3e0aaaae0a520309889ed9b8a1e6d8e2.jpg,0,similar_dhash
val,_img_571_jpg.rf.f0c0bc72205fdb1ccf4d1188cd528099.jpg,test,_img_578_jpg.rf.4e4ba12752c56d8ff384468deeafb268.jpg,0,similar_dhash
val,_img_571_jpg.rf.f0c0bc72205fdb1ccf4d1188cd528099.jpg,test,_img_584_jpg.rf.9d501f5ff6da92e20553ca49ee479e9e.jpg,0,similar_dhash
val,_img_572_jpg.rf.f9bb65951d5e3de291b04e65bdddfea0.jpg,test,_img_566_jpg.rf.3e0aaaae0a520309889ed9b8a1e6d8e2.jpg,1,similar_dhash
val,_img_572_jpg.rf.f9bb65951d5e3de291b04e65bdddfea0.jpg,test,_img_578_jpg.rf.4e4ba12752c56d8ff384468deeafb268.jpg,1,similar_dhash
val,_img_572_jpg.rf.f9bb65951d5e3de291b04e65bdddfea0.jpg,test,_img_584_jpg.rf.9d501f5ff6da92e20553ca49ee479e9e.jpg,1,similar_dhash
val,_img_577_jpg.rf.48a7fbaf5c46564615d16270ccadc77c.jpg,test,_img_566_jpg.rf.3e0aaaae0a520309889ed9b8a1e6d8e2.jpg,0,similar_dhash
val,_img_577_jpg.rf.48a7fbaf5c46564615d16270ccadc77c.jpg,test,_img_578_jpg.rf.4e4ba12752c56d8ff384468deeafb268.jpg,0,similar_dhash
val,_img_577_jpg.rf.48a7fbaf5c46564615d16270ccadc77c.jpg,test,_img_584_jpg.rf.9d501f5ff6da92e20553ca49ee479e9e.jpg,0,similar_dhash
val,_img_588_jpg.rf.84a28678c4e6919916636705d18a8bf7.jpg,test,_img_566_jpg.rf.3e0aaaae0a520309889ed9b8a1e6d8e2.jpg,0,similar_dhash
val,_img_588_jpg.rf.84a28678c4e6919916636705d18a8bf7.jpg,test,_img_578_jpg.rf.4e4ba12752c56d8ff384468deeafb268.jpg,0,similar_dhash
val,_img_588_jpg.rf.84a28678c4e6919916636705d18a8bf7.jpg,test,_img_584_jpg.rf.9d501f5ff6da92e20553ca49ee479e9e.jpg,0,similar_dhash
val,_img_596_jpg.rf.40fddd551b58f72bbf176bf47fc2d564.jpg,test,_img_566_jpg.rf.3e0aaaae0a520309889ed9b8a1e6d8e2.jpg,0,similar_dhash
val,_img_596_jpg.rf.40fddd551b58f72bbf176bf47fc2d564.jpg,test,_img_578_jpg.rf.4e4ba12752c56d8ff384468deeafb268.jpg,0,similar_dhash
val,_img_596_jpg.rf.40fddd551b58f72bbf176bf47fc2d564.jpg,test,_img_584_jpg.rf.9d501f5ff6da92e20553ca49ee479e9e.jpg,0,similar_dhash
val,_img_599_jpg.rf.52e0b8e5ef2622b605909105d5d3e387.jpg,test,_img_566_jpg.rf.3e0aaaae0a520309889ed9b8a1e6d8e2.jpg,1,similar_dhash
val,_img_599_jpg.rf.52e0b8e5ef2622b605909105d5d3e387.jpg,test,_img_578_jpg.rf.4e4ba12752c56d8ff384468deeafb268.jpg,1,similar_dhash
val,_img_599_jpg.rf.52e0b8e5ef2622b605909105d5d3e387.jpg,test,_img_584_jpg.rf.9d501f5ff6da92e20553ca49ee479e9e.jpg,1,similar_dhash
val,_img_611_jpg.rf.727b4cd4047e590bce2a74d382f1a2a0.jpg,test,_img_566_jpg.rf.3e0aaaae0a520309889ed9b8a1e6d8e2.jpg,1,similar_dhash
val,_img_611_jpg.rf.727b4cd4047e590bce2a74d382f1a2a0.jpg,test,_img_578_jpg.rf.4e4ba12752c56d8ff384468deeafb268.jpg,1,similar_dhash
val,_img_611_jpg.rf.727b4cd4047e590bce2a74d382f1a2a0.jpg,test,_img_584_jpg.rf.9d501f5ff6da92e20553ca49ee479e9e.jpg,1,similar_dhash
val,_img_614_jpg.rf.a427e8708a386ca46903f7d0ba2d5645.jpg,test,_img_566_jpg.rf.3e0aaaae0a520309889ed9b8a1e6d8e2.jpg,3,similar_dhash
val,_img_614_jpg.rf.a427e8708a386ca46903f7d0ba2d5645.jpg,test,_img_578_jpg.rf.4e4ba12752c56d8ff384468deeafb268.jpg,3,similar_dhash
val,_img_614_jpg.rf.a427e8708a386ca46903f7d0ba2d5645.jpg,test,_img_584_jpg.rf.9d501f5ff6da92e20553ca49ee479e9e.jpg,3,similar_dhash
val,_img_615_jpg.rf.b97921ec99ea45cfc994e6f88c719d49.jpg,test,_img_566_jpg.rf.3e0aaaae0a520309889ed9b8a1e6d8e2.jpg,4,similar_dhash
val,_img_615_jpg.rf.b97921ec99ea45cfc994e6f88c719d49.jpg,test,_img_578_jpg.rf.4e4ba12752c56d8ff384468deeafb268.jpg,4,similar_dhash
val,_img_615_jpg.rf.b97921ec99ea45cfc994e6f88c719d49.jpg,test,_img_584_jpg.rf.9d501f5ff6da92e20553ca49ee479e9e.jpg,4,similar_dhash
val,_img_638_jpg.rf.605ffb4206406763dbee18c54eecc813.jpg,test,_img_649_jpg.rf.cbf0f47b01e169bc3f07086df00c7a17.jpg,5,similar_dhash
val,_img_663_jpg.rf.ee4c5a1ff9dfabd25306c4d65f7e7992.jpg,test,_img_640_jpg.rf.5e51012546b8bfca0c3338b632404cb1.jpg,5,similar_dhash
val,_img_663_jpg.rf.ee4c5a1ff9dfabd25306c4d65f7e7992.jpg,test,_img_649_jpg.rf.cbf0f47b01e169bc3f07086df00c7a17.jpg,4,similar_dhash
val,_img_669_jpg.rf.879c9363920d760aa70caed2ba708381.jpg,test,_img_649_jpg.rf.cbf0f47b01e169bc3f07086df00c7a17.jpg,4,similar_dhash
val,_img_677_jpg.rf.72f806a83964b60f6ad5a18b3506f04c.jpg,test,_img_649_jpg.rf.cbf0f47b01e169bc3f07086df00c7a17.jpg,2,similar_dhash
val,_img_98_jpg.rf.813e25038d1c64c2c600edb917a3e44b.jpg,test,_img_103_jpg.rf.ece2f0477b1a123805161024fffb2a09.jpg,4,similar_dhash
