split,image,in_yolo,in_coco,match
train,_img_0_jpg.rf.137f4c7bfa7f54defcfd82c9b41542fa.jpg,True,True,True
train,_img_100_jpg.rf.44861a88fb31680e034b37bd811bdaa2.jpg,True,True,True
train,_img_101_jpg.rf.dbac8e68a64080ddd978cfba33430d63.jpg,True,True,True
train,_img_105_jpg.rf.6d7b02c93173029623b2bcc7491063db.jpg,True,True,True
train,_img_106_jpg.rf.b25898a4e91add064752320c6e4a8ef1.jpg,True,True,True
train,_img_107_jpg.rf.5d10e206cbab8929b313ab2eb23c2ac9.jpg,True,True,True
train,_img_108_jpg.rf.186d3cf7d8e97ef5803103694ee2d2cc.jpg,True,True,True
train,_img_109_jpg.rf.ae5eae1f91ddc0721b106e06bfdc299b.jpg,True,True,True
train,_img_110_jpg.rf.b13b15e299c739dcedd15bcc8b22a2f6.jpg,True,True,True
train,_img_111_jpg.rf.d33fd7fd7c66d0505d1746bb84d6de22.jpg,True,True,True
train,_img_112_jpg.rf.c641c64c2d124472056fccb096b55f8e.jpg,True,True,True
train,_img_114_jpg.rf.53504ddecf0b3b65a2d2aaaa2311c797.jpg,True,True,True
train,_img_115_jpg.rf.31ca876d2b097ff51c1002a34a1ced01.jpg,True,True,True
train,_img_117_jpg.rf.056d664de6c615443a0458b934fd4b39.jpg,True,True,True
train,_img_118_jpg.rf.aebfe2a3ddc075e50a70d5dc99b97134.jpg,True,True,True
train,_img_120_jpg.rf.e1f611614c84c0eb7a904aeaa8a7f6ab.jpg,True,True,True
train,_img_121_jpg.rf.fff41755af869d717a9c3a5d9d452b49.jpg,True,True,True
train,_img_122_jpg.rf.37428ec81cec5f114f153c1cf2b626df.jpg,True,True,True
train,_img_125_jpg.rf.91ef810e65edb2bf798a344b61d4b531.jpg,True,True,True
train,_img_126_jpg.rf.5360159c2a64290073f84c5da64db088.jpg,True,True,True
train,_img_127_jpg.rf.393df416cf94d3053d88d1deb10f78dd.jpg,True,True,True
train,_img_128_jpg.rf.b69e327a3bce958bd083850a4128dfce.jpg,True,True,True
train,_img_129_jpg.rf.6251b04651ccc5c3d7731e60e667d9c5.jpg,True,True,True
train,_img_130_jpg.rf.275e5474c4936b3837fb5f544c251fc4.jpg,True,True,True
train,_img_132_jpg.rf.6bafaf168bac179380f0e5cfc9c3749a.jpg,True,True,True
train,_img_133_jpg.rf.28bbf07c96cb474c80451b670af81a21.jpg,True,True,True
train,_img_134_jpg.rf.4e566a3403ede9800f099beb821efd2a.jpg,True,True,True
train,_img_136_jpg.rf.77353cfe67cc1a40f3f2a9b60d797b7b.jpg,True,True,True
train,_img_139_jpg.rf.a1f11d6abda10c4a707a8d6cf0afb12f.jpg,True,True,True
train,_img_140_jpg.rf.164908d60e23ad73ca0ffda83f76636d.jpg,True,True,True
train,_img_143_jpg.rf.72aec7af42c5dd655c95efff7631d657.jpg,True,True,True
train,_img_144_jpg.rf.bfe91bba68dddcf422d309b28987d4bb.jpg,True,True,True
train,_img_145_jpg.rf.9f67553e3060466a8647e23a12373103.jpg,True,True,True
train,_img_146_jpg.rf.91ec566d3e77056a7a9be5fa849b5364.jpg,True,True,True
train,_img_148_jpg.rf.5a7a05286ad80e452758128da07ec4da.jpg,True,True,True
train,_img_149_jpg.rf.3a3eb17b23c48150e0be5ab68d2cd1aa.jpg,True,True,True
train,_img_150_jpg.rf.1a80e249fb6e2a61015923040a6b187e.jpg,True,True,True
train,_img_151_jpg.rf.da6769bc1b6f021de3a67649820de1d0.jpg,True,True,True
train,_img_154_jpg.rf.53bb02f68da44122feb8d8b27e2122c7.jpg,True,True,True
train,_img_155_jpg.rf.372e3d52310de7e9a0a8f7a7457ae7e8.jpg,True,True,True
train,_img_156_jpg.rf.243810af2b5cbc0d5e2591bc7df418a7.jpg,True,True,True
train,_img_158_jpg.rf.7a84c6eb665f039ec03195e4ff5a1109.jpg,True,True,True
train,_img_159_jpg.rf.fa3cc8556852e0de0be982c8b279ebf8.jpg,True,True,True
train,_img_160_jpg.rf.100ea075a14e365f45257f2e265c6c1e.jpg,True,True,True
train,_img_161_jpg.rf.50bb80761c1c259bad9d18042e29d676.jpg,True,True,True
train,_img_165_jpg.rf.e28b64ea2a2651b949f10344f6aae131.jpg,True,True,True
train,_img_166_jpg.rf.d5be7d5005c0af7e1084651c53e1be71.jpg,True,True,True
train,_img_167_jpg.rf.49093bcf74842c9a0fc6eadfe81ebf80.jpg,True,True,True
train,_img_168_jpg.rf.bf91df09af913e79ed3696c0126339ac.jpg,True,True,True
train,_img_169_jpg.rf.4eda05db0726dc6756ad6f18b7d92f5a.jpg,True,True,True
train,_img_170_jpg.rf.7e9f65bc6744bf2390335daeda8d8ccd.jpg,True,True,True
train,_img_174_jpg.rf.36fcabea81dfba8b16b52220b3002c5c.jpg,True,True,True
train,_img_175_jpg.rf.a95f4f82aa8a8bafc200b9f428f7a0d7.jpg,True,True,True
train,_img_176_jpg.rf.fc9c784037f81a15b91271fb74f10b3e.jpg,True,True,True
train,_img_177_jpg.rf.664e6ec845b6edb64486b4ea69c2823b.jpg,True,True,True
train,_img_178_jpg.rf.7bb980522a6ad3ab136fa64f38dd5f86.jpg,True,True,True
train,_img_180_jpg.rf.7778add79399fc020b143d99bc4941b9.jpg,True,True,True
train,_img_184_jpg.rf.0f5fd327e6bf5896e4a525a60a535bb1.jpg,True,True,True
train,_img_185_jpg.rf.4e26beb9d2d9272ffff7be646021b323.jpg,True,True,True
train,_img_186_jpg.rf.0bbf1a2166983eefafc5cbc62f277349.jpg,True,True,True
train,_img_187_jpg.rf.f6557e82773e881f11a87245b1ed60ed.jpg,True,True,True
train,_img_190_jpg.rf.2bbe1404237d51f17c85d726f96ddcd0.jpg,True,True,True
train,_img_191_jpg.rf.2341846b75cfdacd622d174217746998.jpg,True,True,True
train,_img_194_jpg.rf.8d25d5c7a2f0f09db3a944e100c7da11.jpg,True,True,True
train,_img_195_jpg.rf.48de9e257786f1220ebd1763cb3a82f1.jpg,True,True,True
train,_img_197_jpg.rf.7ffc1d6f4897fc4ea96ff6c294082b25.jpg,True,True,True
train,_img_201_jpg.rf.47fa2a7faf50d80bc7500e19830827ea.jpg,True,True,True
train,_img_218_jpg.rf.edc71a690928dd1a9519c19d24efbfbd.jpg,True,True,True
train,_img_219_jpg.rf.a72e56817ca771b588449788b309c6ee.jpg,True,True,True
train,_img_220_jpg.rf.e0d002b1d93ac5fa1e78a98510a264a6.jpg,True,True,True
train,_img_221_jpg.rf.0cedcdb7c905ea7d46b0fac49cd102c3.jpg,True,True,True
train,_img_222_jpg.rf.882b717923601425ae0658d90de2ebe4.jpg,True,True,True
train,_img_224_jpg.rf.867674381395674e61a128265a8c1c01.jpg,True,True,True
train,_img_226_jpg.rf.3b852058bbea72599563230fd9ca9cb9.jpg,True,True,True
train,_img_227_jpg.rf.8710c68bedc0db153caeec9abda71c38.jpg,True,True,True
train,_img_228_jpg.rf.6dcf20d140849b874779175be1de7f89.jpg,True,True,True
train,_img_229_jpg.rf.3e178f69880084e556a9d5534beb7be0.jpg,True,True,True
train,_img_22_jpg.rf.55e3b76b210eaf57d2fa02c7ad57015d.jpg,True,True,True
train,_img_231_jpg.rf.d993690a83d768a9e0124cea6bdbbf2b.jpg,True,True,True
train,_img_232_jpg.rf.3438df8b6a5a95295613e0f82601120b.jpg,True,True,True
train,_img_243_jpg.rf.9ebdc2a8ba7b81d9b99a822b365acd58.jpg,True,True,True
train,_img_248_jpg.rf.fc3ec04a64e2b8f1e5568d8e5e26e51c.jpg,True,True,True
train,_img_249_jpg.rf.d21e6d1ab9565c4bbf99c5d68fad202f.jpg,True,True,True
train,_img_252_jpg.rf.6f04fae658effcc3e67aba88861b3871.jpg,True,True,True
train,_img_253_jpg.rf.8da939b14132feed2eafd3c18eacb452.jpg,True,True,True
train,_img_254_jpg.rf.55c6385602333aae6a783bcef6826e46.jpg,True,True,True
train,_img_25_jpg.rf.0fbfaabbe8c7578a1f5e8e867fc932ca.jpg,True,True,True
train,_img_262_jpg.rf.decb82750a1e3fd33a1314c4021e6ec0.jpg,True,True,True
train,_img_267_jpg.rf.fb064976c3768a6d00bfce35fcf70ca9.jpg,True,True,True
train,_img_26_jpg.rf.205ed9326b761d2e34d1cd3b405c5f78.jpg,True,True,True
train,_img_270_jpg.rf.6bc4c8d226339907b4793ef8323176c8.jpg,True,True,True
train,_img_271_jpg.rf.e8fff20013f901855437e20aea339dea.jpg,True,True,True
train,_img_273_jpg.rf.b270db9c3f203d4a49cdb25d51fdc63d.jpg,True,True,True
train,_img_274_jpg.rf.9078935899ec62849af95c3cdda6c0c8.jpg,True,True,True
train,_img_275_jpg.rf.57bbc6e47cdd507129c4860fe860c62d.jpg,True,True,True
train,_img_276_jpg.rf.24c8b367777cb1108f0f732418f3944e.jpg,True,True,True
train,_img_277_jpg.rf.53c0d633ff8a25c0b402e654fafcd386.jpg,True,True,True
train,_img_278_jpg.rf.aa59d9fa0832f68bdaa4902008763113.jpg,True,True,True
train,_img_279_jpg.rf.46bfea91ca6930ef8e3318e722fa663d.jpg,True,True,True
train,_img_283_jpg.rf.d7c8de3c8938728b11f992c89a7db81e.jpg,True,True,True
train,_img_284_jpg.rf.d1bd8b3b0eb126a074004e4c0fc6e90f.jpg,True,True,True
train,_img_28_jpg.rf.b475b1202fbe1887bc92f8b9b365116c.jpg,True,True,True
train,_img_314_jpg.rf.52849c82f5b9545d4d3cfd278f7219cf.jpg,True,True,True
train,_img_315_jpg.rf.300022ccc4ed07912d69fa9dbb8de845.jpg,True,True,True
train,_img_317_jpg.rf.610bbf01036400def59f327021a48d90.jpg,True,True,True
train,_img_318_jpg.rf.05593bbfa09ad857b502c56fbeb34b80.jpg,True,True,True
train,_img_319_jpg.rf.d864990a01ae7ec07e9704d45f4edbd8.jpg,True,True,True
train,_img_31_jpg.rf.cf7925669e4532ec64a1c1ecd225d761.jpg,True,True,True
train,_img_320_jpg.rf.4258fae0eb96d43424e60583b4eb2d77.jpg,True,True,True
train,_img_322_jpg.rf.abe5ac5d107149f6bda2a0ba37a2e795.jpg,True,True,True
train,_img_323_jpg.rf.1cdc9afe09de201f85dc13a50c4f0592.jpg,True,True,True
train,_img_324_jpg.rf.9e5420da449bdf3ab71b3f1e6320b253.jpg,True,True,True
train,_img_325_jpg.rf.a026a5bd656bdc8d7ff71c7081099b63.jpg,True,True,True
train,_img_326_jpg.rf.660bc2a17c78a2d49b65596daf6717d9.jpg,True,True,True
train,_img_328_jpg.rf.cdecad6a21c8fc6162e019db8f7f7e35.jpg,True,True,True
train,_img_32_jpg.rf.b2a0fda08fdb17995f5a247300d3833b.jpg,True,True,True
train,_img_33_jpg.rf.63c3ce99e63b6b014e3bb159472ef968.jpg,True,True,True
train,_img_346_jpg.rf.f71b66cb77508ba9650a2924d0128dac.jpg,True,True,True
train,_img_347_jpg.rf.b1f0f092cd3a951b8974f88aae853bb2.jpg,True,True,True
train,_img_351_jpg.rf.9f7507559c25ca26d46c12e6d985ab2f.jpg,True,True,True
train,_img_352_jpg.rf.89482d50b6f80c80e96ca9218af14d14.jpg,True,True,True
train,_img_354_jpg.rf.a7d7901deead32d6d012531e195672eb.jpg,True,True,True
train,_img_355_jpg.rf.045b641d7b63b4953c11aa23e882a468.jpg,True,True,True
train,_img_356_jpg.rf.64abe3fa33c2687cfaef92deb5fb2ac0.jpg,True,True,True
train,_img_359_jpg.rf.70061e98c2811f5d826cc483732e0ee1.jpg,True,True,True
train,_img_360_jpg.rf.3d07d26f1974a97e86c6a8bb1af99c2d.jpg,True,True,True
train,_img_361_jpg.rf.f6f132f18dee20273560ed3bd266692e.jpg,True,True,True
train,_img_362_jpg.rf.e49405297265f540f8e232e937458f39.jpg,True,True,True
train,_img_363_jpg.rf.bb81ad0508a2deddec434f1a052b5cae.jpg,True,True,True
train,_img_364_jpg.rf.c1116e44acb1a18cd559fe946f111b5a.jpg,True,True,True
train,_img_365_jpg.rf.c74ebe37e98a1f55b0681c469ac34b2c.jpg,True,True,True
train,_img_366_jpg.rf.89f8bf0b10bc703e6e8e9f24d4575fb5.jpg,True,True,True
train,_img_369_jpg.rf.66f899af4fc825281ec0ed9c2f703e0e.jpg,True,True,True
train,_img_370_jpg.rf.b8710a10e5c25780509d27da9f926757.jpg,True,True,True
train,_img_372_jpg.rf.2ec6d024de5119378cd38845bb044c6b.jpg,True,True,True
train,_img_378_jpg.rf.c7e3a5aa2b37e1c99e73d424de513b89.jpg,True,True,True
train,_img_388_jpg.rf.1bf8d5a0ba1fd40c9e223e8b589af283.jpg,True,True,True
train,_img_389_jpg.rf.dfd0376c3e2bc8eb51d8f3d7a6676975.jpg,True,True,True
train,_img_38_jpg.rf.b06c6bc7c003a14c4068cab45b2f5e65.jpg,True,True,True
train,_img_390_jpg.rf.6464a7350a7b15ad783edee9efdebd9e.jpg,True,True,True
train,_img_391_jpg.rf.2aa09a45d30b7ce458a5525745a0add6.jpg,True,True,True
train,_img_393_jpg.rf.cffa26e8df9d8ea960a5d17f86c17205.jpg,True,True,True
train,_img_394_jpg.rf.b8585847b0ac9746bcf5bf8ca0dd062b.jpg,True,True,True
train,_img_395_jpg.rf.83e7e389e4e13deda8cc68d850d99ec6.jpg,True,True,True
train,_img_396_jpg.rf.86981f4a3a4661fd88fc4d3f061b6d7e.jpg,True,True,True
train,_img_39_jpg.rf.3e16d59da2bb87777c721068f3d6dab7.jpg,True,True,True
train,_img_400_jpg.rf.9d8c21620dc6e59f7059f30f81c71c31.jpg,True,True,True
train,_img_401_jpg.rf.1ac27676d41effc93db26f99bb6c7d0f.jpg,True,True,True
train,_img_404_jpg.rf.91b86a6857344da2d86aacf92db9fdb6.jpg,True,True,True
train,_img_405_jpg.rf.4798c61d774f14057ccad5e42801551a.jpg,True,True,True
train,_img_406_jpg.rf.9e82a70e49f071f6dd3cb8f5bb4b9fed.jpg,True,True,True
train,_img_408_jpg.rf.d69472d11d03af50fa5cbedb669f50ca.jpg,True,True,True
train,_img_40_jpg.rf.d6156c6358f05fa3245e85f52570b2fa.jpg,True,True,True
train,_img_410_jpg.rf.2d2a8ba5b61794bfb8f8ea455d77f512.jpg,True,True,True
train,_img_411_jpg.rf.70cf1564fde1ac8d60e6f02b73f195ed.jpg,True,True,True
train,_img_418_jpg.rf.ddd82e997aad64bae4bb0c427681ee66.jpg,True,True,True
train,_img_419_jpg.rf.4a76447908be0d29360d3b47ffd36bc0.jpg,True,True,True
train,_img_428_jpg.rf.cb31b04f89d15f252a0e29d87e24af1f.jpg,True,True,True
train,_img_429_jpg.rf.9179fc82101098cbf248a9f745c85449.jpg,True,True,True
train,_img_430_jpg.rf.1b1c6757d3fe9d85f14105e1caa98a8f.jpg,True,True,True
train,_img_431_jpg.rf.0dd7de5c6266f60b134607c5bf5b5851.jpg,True,True,True
train,_img_432_jpg.rf.5f9b884ff5f2c5f73983a9910c10e627.jpg,True,True,True
train,_img_433_jpg.rf.13c260ee3b06f62a3eb8d7c2c20aa6de.jpg,True,True,True
train,_img_434_jpg.rf.4c2406488161e33565aba15bf6cf8547.jpg,True,True,True
train,_img_435_jpg.rf.dcbc8923e8c2b9187ad87c4580251bcb.jpg,True,True,True
train,_img_436_jpg.rf.b464877e5accab0fe07a10dac7403632.jpg,True,True,True
train,_img_440_jpg.rf.32f96d93a92b187969150ce21687b0ed.jpg,True,True,True
train,_img_441_jpg.rf.087defa5fcde4a054f4c3397853b8788.jpg,True,True,True
train,_img_442_jpg.rf.8fa4caf8108d634b9d79ca8639e35e78.jpg,True,True,True
train,_img_450_jpg.rf.dfe818d41e325836be081b774ce28262.jpg,True,True,True
train,_img_454_jpg.rf.c0cd1dbc8f2e277948d82114c895dcb4.jpg,True,True,True
train,_img_455_jpg.rf.49c55be6a62bcc86c44edfda30c240b9.jpg,True,True,True
train,_img_456_jpg.rf.fcc61a2d20269b6f0aa36c532e322dde.jpg,True,True,True
train,_img_457_jpg.rf.135afbf6917b2a02f893e84263e31c3b.jpg,True,True,True
train,_img_458_jpg.rf.901cf341f487bc3b7c2d0d30e80221b5.jpg,True,True,True
train,_img_459_jpg.rf.1b786fc479b04e891eb359ac1b1ec134.jpg,True,True,True
train,_img_463_jpg.rf.b0116d6ce51014abf4b7ce72d94c1d3a.jpg,True,True,True
train,_img_465_jpg.rf.568e0a00f69cf32dc14df40f4cf318e9.jpg,True,True,True
train,_img_46_jpg.rf.642ef1ceead715b263ec1e0afc5e8728.jpg,True,True,True
train,_img_472_jpg.rf.348621dc924c9db17822fabe73312f8e.jpg,True,True,True
train,_img_473_jpg.rf.252645fba9beadf811ccfc137d3b9547.jpg,True,True,True
train,_img_474_jpg.rf.b312dab9d68cfac15c1c87ed5d15fdc2.jpg,True,True,True
train,_img_475_jpg.rf.720ecfac4131d69865075eb323e1f229.jpg,True,True,True
train,_img_476_jpg.rf.7da7f00ae2b55be31d9197442c32d6b7.jpg,True,True,True
train,_img_477_jpg.rf.79fcb4d914591569d83635c8aaeb354a.jpg,True,True,True
train,_img_480_jpg.rf.a9647f7237522117abbd4d4336744132.jpg,True,True,True
train,_img_484_jpg.rf.44f592dcb4856a11f7cd7a798703edf8.jpg,True,True,True
train,_img_485_jpg.rf.c8a60ffa1dc2f1fc474cbf99671a35e0.jpg,True,True,True
train,_img_486_jpg.rf.705de5dd0e05aa5304c0e284d57306d3.jpg,True,True,True
train,_img_489_jpg.rf.50918ba2f31d6f851591e39c1b36c770.jpg,True,True,True
train,_img_49_jpg.rf.239684b90b2a953a22868eba98027f7d.jpg,True,True,True
train,_img_506_jpg.rf.02697e568b0c978e21eede4a4370c398.jpg,True,True,True
train,_img_507_jpg.rf.265daa777babbb86ce02910c0dc4d2d8.jpg,True,True,True
train,_img_50_jpg.rf.ac78e6c9153293c72f885d787b266cea.jpg,True,True,True
train,_img_513_jpg.rf.07dc7f8ba9b5f3e2899a98befe13c1e1.jpg,True,True,True
train,_img_514_jpg.rf.30292dabce2ae2d836cb8525f71ccfeb.jpg,True,True,True
train,_img_515_jpg.rf.6d1385951ce4ac50dfe29d46d0b2fe7a.jpg,True,True,True
train,_img_517_jpg.rf.d1d6d872e00a235435ed82995d282eea.jpg,True,True,True
train,_img_518_jpg.rf.247df95285c399d547580851fa441190.jpg,True,True,True
train,_img_51_jpg.rf.ce9d2adad7b15e1598625942796bc3e0.jpg,True,True,True
train,_img_52_jpg.rf.3ac2cde95e12391aea48acb8a7d8bcf8.jpg,True,True,True
train,_img_53_jpg.rf.52199308242f657c6d07fff40eb49590.jpg,True,True,True
train,_img_54_jpg.rf.a0c53f54541e250d0df7f296353be323.jpg,True,True,True
train,_img_554_jpg.rf.ea5a0ae5c8686ffb7eea5a1757d4df86.jpg,True,True,True
train,_img_556_jpg.rf.1e1df506e699ef988bb4d437b3b48d92.jpg,True,True,True
train,_img_558_jpg.rf.75e4368aa1613e25ca3ad563580881da.jpg,True,True,True
train,_img_559_jpg.rf.887ca87d3e9dccc69971c4420948547b.jpg,True,True,True
train,_img_560_jpg.rf.a069b88add28d1c7c8ea2964338b2c6f.jpg,True,True,True
train,_img_564_jpg.rf.356794c53e167f939469f155cbde80ac.jpg,True,True,True
train,_img_565_jpg.rf.0966e38c6f22624b1aac07a8218e016b.jpg,True,True,True
train,_img_567_jpg.rf.eb0cbacf53b1bea155a06a3d6bb0e2d7.jpg,True,True,True
train,_img_569_jpg.rf.3dc86efd9a2ec8b9020b77e1901b4300.jpg,True,True,True
train,_img_56_jpg.rf.931fbeb5d0ebe1c81bccdd615a8d07e4.jpg,True,True,True
train,_img_573_jpg.rf.77b6753c4cc65eefc2213f6e25e66b5c.jpg,True,True,True
train,_img_574_jpg.rf.6b3ce47a71ebc6f8a62f821540bf95a1.jpg,True,True,True
train,_img_575_jpg.rf.d6b1ffcbc095088e3b958cbfe27baab0.jpg,True,True,True
train,_img_576_jpg.rf.fa1ec54a6c702d4324dea2fa5715762a.jpg,True,True,True
train,_img_579_jpg.rf.962a55f221f014248a922883d6f3b863.jpg,True,True,True
train,_img_57_jpg.rf.78004a43d4b1454adbd95c9745edff2a.jpg,True,True,True
train,_img_581_jpg.rf.97d69febc1d9b4525dbbccbda8e74f07.jpg,True,True,True
train,_img_583_jpg.rf.a89f34e39fa0929e36e81fe5ad3fefee.jpg,True,True,True
train,_img_589_jpg.rf.f2bd16dd56aaa97e22307234516979fd.jpg,True,True,True
train,_img_58_jpg.rf.125f2cf38041983aeb7f7ed9fe2f90c0.jpg,True,True,True
train,_img_590_jpg.rf.507cfdc38e3c414ceef71ed1473317fc.jpg,True,True,True
train,_img_592_jpg.rf.260a6844e60998900768eb73ce38146b.jpg,True,True,True
train,_img_594_jpg.rf.8b275d53b2647d8c652efa2dc0a757fd.jpg,True,True,True
train,_img_595_jpg.rf.dec323c2dab155aa392edbc1841bd710.jpg,True,True,True
train,_img_59_jpg.rf.509ada7e5563a540597c96bd69f4740a.jpg,True,True,True
train,_img_600_jpg.rf.164de8f25c2e8be7a822926efd16a91a.jpg,True,True,True
train,_img_606_jpg.rf.db9a720c099bcc7468d3c2ab8128534c.jpg,True,True,True
train,_img_607_jpg.rf.68837d1946bbd7a3a24849777dc41d99.jpg,True,True,True
train,_img_612_jpg.rf.c8baca2ad07d3822da88db0fc37aa1ca.jpg,True,True,True
train,_img_613_jpg.rf.8ac6adafeb3550720de79165295829ff.jpg,True,True,True
train,_img_617_jpg.rf.6edc9a6ccbdb026ee5bd4900f82395a9.jpg,True,True,True
train,_img_618_jpg.rf.9924640b7ef34c49bc0f97accb68ee54.jpg,True,True,True
train,_img_619_jpg.rf.6c1bc424dce05faaddc14193efd00026.jpg,True,True,True
train,_img_61_jpg.rf.401e1a2a5b3eb6ae30998cf3c0d91b4d.jpg,True,True,True
train,_img_620_jpg.rf.6f3fa65e2d10631878419a7f8ca66122.jpg,True,True,True
train,_img_621_jpg.rf.c76da3226b81bedcaab3fc2ee45f5271.jpg,True,True,True
train,_img_622_jpg.rf.dddd41a1f7077b8a5872aa4faa9c946b.jpg,True,True,True
train,_img_623_jpg.rf.df4eb51ae26ae7b999dad28906e7556f.jpg,True,True,True
train,_img_624_jpg.rf.263065273001e76e77143ab017bc7286.jpg,True,True,True
train,_img_625_jpg.rf.bc8612cf4920430d3656ff1ac07c5c12.jpg,True,True,True
train,_img_626_jpg.rf.f81004db9e0c7d049b73660c31f82a18.jpg,True,True,True
train,_img_62_jpg.rf.d57b2d6bd3e25753c30c76fe84c75dd1.jpg,True,True,True
train,_img_633_jpg.rf.19fbe58acd8ea1e39d899f30b862e61e.jpg,True,True,True
train,_img_634_jpg.rf.ae2f4772a53243a7f5c47ae6fe907c16.jpg,True,True,True
train,_img_635_jpg.rf.76f0eaa4a7a1572bf1c4524c502082dc.jpg,True,True,True
train,_img_636_jpg.rf.0f884a3b7c672ccf2d6299f4baa632d7.jpg,True,True,True
train,_img_637_jpg.rf.9a17d607a8330a7f478326795ae23f20.jpg,True,True,True
train,_img_639_jpg.rf.3b9d75252104a9a6f0dfb94f9066cacf.jpg,True,True,True
train,_img_643_jpg.rf.f73258a6f27be8261210b98ddaa3e57b.jpg,True,True,True
train,_img_648_jpg.rf.1ffe3058a4338a9bc09e13708cd50c18.jpg,True,True,True
train,_img_650_jpg.rf.78c3e8deaab78443cb12641ff05a34ce.jpg,True,True,True
train,_img_652_jpg.rf.0d7a40ecefc1120f6a5b913b4a7e738e.jpg,True,True,True
train,_img_653_jpg.rf.73a39f19f59cdc7aff81f505d5bcb6cd.jpg,True,True,True
train,_img_654_jpg.rf.6c4c0d8f94cfb057ff66bf2218e9039e.jpg,True,True,True
train,_img_656_jpg.rf.6d47535f4d0ee89e26db10a6a4dc0e0c.jpg,True,True,True
train,_img_658_jpg.rf.e856589a82dea54356703be640ccba2c.jpg,True,True,True
train,_img_659_jpg.rf.65e33549dc92cc73340f81dcb00fb24c.jpg,True,True,True
train,_img_661_jpg.rf.ea60098c6c9a15735b20d5875316eb22.jpg,True,True,True
train,_img_662_jpg.rf.3ffa0ccf859a8f7cc3b2534b80421145.jpg,True,True,True
train,_img_664_jpg.rf.6869290edf4eb426ee3833b25bfec1ff.jpg,True,True,True
train,_img_665_jpg.rf.43256398be991346f0db588ab270ef85.jpg,True,True,True
train,_img_666_jpg.rf.9a8f2afdd034eabcdf77c6c52e61e125.jpg,True,True,True
train,_img_667_jpg.rf.b763490117ef19da430d215fa2705f9c.jpg,True,True,True
train,_img_668_jpg.rf.6874a8a8ec9353217a56d61d7c192f81.jpg,True,True,True
train,_img_670_jpg.rf.468c2722d8d8c0d3d815fe118faee422.jpg,True,True,True
train,_img_671_jpg.rf.6bbc854f9550de603f8ce900d67c4073.jpg,True,True,True
train,_img_672_jpg.rf.461425227d51f7b0864a71f324bb0a9c.jpg,True,True,True
train,_img_673_jpg.rf.a9cb7e632297ea517cb7349725a19723.jpg,True,True,True
train,_img_674_jpg.rf.92c77b6cff371fe2a8854d05f3ed9740.jpg,True,True,True
train,_img_675_jpg.rf.830d67256cec7cdae18a50fa673662c6.jpg,True,True,True
train,_img_676_jpg.rf.9c8975affbe6f529230f33a4a23e2040.jpg,True,True,True
train,_img_67_jpg.rf.6e29acb88c21edb013552d007f13b6f5.jpg,True,True,True
train,_img_71_jpg.rf.9ca89fe3fc2a30e28aad797a8cb2007d.jpg,True,True,True
train,_img_74_jpg.rf.0ce8da728a573d4c37ee98ca87891be9.jpg,True,True,True
train,_img_78_jpg.rf.3d88c2f45d8721e80c8354ae1c1db1f9.jpg,True,True,True
train,_img_79_jpg.rf.d60a0aaf8baf24a9b4910346d0c0a861.jpg,True,True,True
train,_img_81_jpg.rf.fd9d340f1779c4962839f6c0ccff39ec.jpg,True,True,True
train,_img_84_jpg.rf.2f899a91f42f0518680546309219aaea.jpg,True,True,True
train,_img_85_jpg.rf.1852313ca08c2fc015e11ecd9cfb9aae.jpg,True,True,True
train,_img_86_jpg.rf.51e6b1e3798cb956edeaaa1a7e751bb4.jpg,True,True,True
train,_img_87_jpg.rf.b32fa272da6fd4da3ec80940ed2d73b6.jpg,True,True,True
train,_img_88_jpg.rf.3b8cb82d6d3573d88918c96dd10122ba.jpg,True,True,True
train,_img_90_jpg.rf.77be7c0cda4c71c40db36d824277ab05.jpg,True,True,True
train,_img_91_jpg.rf.af3ba142619ae613dd17b60d98b63d8e.jpg,True,True,True
train,_img_94_jpg.rf.53e5d4f1af525de8f8102c33caa55758.jpg,True,True,True
train,_img_95_jpg.rf.d2fed3217d885974cefefdcbf5ed777f.jpg,True,True,True
train,_img_96_jpg.rf.7acbbb4e3350d2b2c02153d4fa05d901.jpg,True,True,True
train,_img_97_jpg.rf.7286192ebf38313eb868eee9efe4d759.jpg,True,True,True
train,_img_99_jpg.rf.badf0ec1cb731d935e71a185a3eeb005.jpg,True,True,True
val,_img_102_jpg.rf.15df5e44c1609a03e07b711ad83d05ca.jpg,True,True,True
val,_img_116_jpg.rf.88ee97142d1bc5a0084bb9c44eb473d4.jpg,True,True,True
val,_img_119_jpg.rf.a61f32ba58554a90e079b1e4141e9187.jpg,True,True,True
val,_img_124_jpg.rf.da7e156fae5fab06efb97a50320dd9e4.jpg,True,True,True
val,_img_131_jpg.rf.a1d63e428aa38961f98962e34a4ecdbc.jpg,True,True,True
val,_img_135_jpg.rf.d66fe5a4fa48e59f15f0abe214f83040.jpg,True,True,True
val,_img_138_jpg.rf.33c6392c2626230ba5b178b35821eef3.jpg,True,True,True
val,_img_141_jpg.rf.41bd4238b5f554910103ae7d61d29330.jpg,True,True,True
val,_img_147_jpg.rf.36fb5ca2785c2d26bce761e765633279.jpg,True,True,True
val,_img_152_jpg.rf.7445930a707bbc51a631eb0c085b5712.jpg,True,True,True
val,_img_153_jpg.rf.94d98477ffcc42f0cb4a99e83ada2b08.jpg,True,True,True
val,_img_157_jpg.rf.6a74f9375060d92aa360aa16878ab5a6.jpg,True,True,True
val,_img_163_jpg.rf.ba03c71f8094c89e8b2b406f017762b5.jpg,True,True,True
val,_img_164_jpg.rf.5204341e8d6fbb5f0cf279f0db8f43fc.jpg,True,True,True
val,_img_172_jpg.rf.c54c9512a26e6941cfcb77abb6625503.jpg,True,True,True
val,_img_193_jpg.rf.8988718b84eb28d7196c459bffd035f1.jpg,True,True,True
val,_img_217_jpg.rf.11d874af90efb236403f573653819ad7.jpg,True,True,True
val,_img_223_jpg.rf.4b948f11f870132d17e3afc61ab07a3c.jpg,True,True,True
val,_img_225_jpg.rf.ec179606bea60b3b40710c47e87b0c8e.jpg,True,True,True
val,_img_230_jpg.rf.fa2a557820ccf104aa523bd32b2a1fdf.jpg,True,True,True
val,_img_233_jpg.rf.557b808874879e520d179ca144161147.jpg,True,True,True
val,_img_241_jpg.rf.b0441338bfe2527f9a8f3273f5528708.jpg,True,True,True
val,_img_247_jpg.rf.7f713c30ee4c45de3f8710dc18501bc7.jpg,True,True,True
val,_img_251_jpg.rf.c52ef72a73aee7a41e9c6a47754cbfd9.jpg,True,True,True
val,_img_255_jpg.rf.fa2b7519fa4f754239a5e575308fcdfa.jpg,True,True,True
val,_img_268_jpg.rf.dd97939ce0fc20b47ae8f925e1b64c10.jpg,True,True,True
val,_img_285_jpg.rf.4f8bf099a530fc8eacda22c4bebedfe7.jpg,True,True,True
val,_img_313_jpg.rf.9a836ab07d106daa7ad59de85d2202e6.jpg,True,True,True
val,_img_316_jpg.rf.a74685043183a59bb749fa054db86808.jpg,True,True,True
val,_img_321_jpg.rf.d3edb0ad6440a0e4beb45d0864ef18f8.jpg,True,True,True
val,_img_327_jpg.rf.fd9a58f5fbeef864a9f70c76b46030bd.jpg,True,True,True
val,_img_331_jpg.rf.873d695d8cff5e5cf08d8da07251b59c.jpg,True,True,True
val,_img_34_jpg.rf.290796fdd0a5c68467bec0dcdb9fbf2e.jpg,True,True,True
val,_img_358_jpg.rf.2d0f4e3a22ae27acc362704fb40613c4.jpg,True,True,True
val,_img_368_jpg.rf.92d9d98ced18d0567304fe8e2502f3b4.jpg,True,True,True
val,_img_36_jpg.rf.aeaec81ac7fb9406dac155e8c24d2bea.jpg,True,True,True
val,_img_373_jpg.rf.00ade36e1f9b1779f9719625a0abab93.jpg,True,True,True
val,_img_392_jpg.rf.64c8edd3e38fc0f27d9f256ba674aa20.jpg,True,True,True
val,_img_397_jpg.rf.dcc21bf6845c1b9d0a15ab6b33fcdf55.jpg,True,True,True
val,_img_399_jpg.rf.26f505806a516b7418998571fc2c9336.jpg,True,True,True
val,_img_403_jpg.rf.5d4c98040d5b5396c24defb26d4bbf42.jpg,True,True,True
val,_img_407_jpg.rf.06cce73729a5afba697b54a29ced5131.jpg,True,True,True
val,_img_420_jpg.rf.69fc69ca24c72b50c211180c857fefa9.jpg,True,True,True
val,_img_421_jpg.rf.3430fd4ffbf001eabe0a38ab6077396a.jpg,True,True,True
val,_img_452_jpg.rf.b8b646950bb8e09ad3f8d60a4ee62540.jpg,True,True,True
val,_img_453_jpg.rf.7b5df22f5fc2a6048e46357ab0dc9d9f.jpg,True,True,True
val,_img_45_jpg.rf.dd9c9525a4353117c0d9a88779fba6b0.jpg,True,True,True
val,_img_460_jpg.rf.32b9b566b88afc8ef5b9adb36cfbf268.jpg,True,True,True
val,_img_461_jpg.rf.1a7848710a8284e3bca3c48d62c31ac8.jpg,True,True,True
val,_img_462_jpg.rf.349646c207268ec6bb26e5643f8fca71.jpg,True,True,True
val,_img_464_jpg.rf.0f3d9dcbf890dbb843cea5b861867370.jpg,True,True,True
val,_img_478_jpg.rf.0183112f8329dd040f886944674f0344.jpg,True,True,True
val,_img_481_jpg.rf.715c336d4af2e31f33b48fac349ac09f.jpg,True,True,True
val,_img_509_jpg.rf.cf7491e4a2e6d20935c07f5010174fef.jpg,True,True,True
val,_img_510_jpg.rf.143596fad2883836091c5c188cc29654.jpg,True,True,True
val,_img_519_jpg.rf.ac61ba9960e338ad88cf3e3a76ebf04f.jpg,True,True,True
val,_img_542_jpg.rf.5e7ac4e44667bafb9e90a762464cd696.jpg,True,True,True
val,_img_555_jpg.rf.b6186f39b04ed6dd335697b5217cbef0.jpg,True,True,True
val,_img_557_jpg.rf.3b8db5a3b3c3ad98c7b47cebfe117c21.jpg,True,True,True
val,_img_561_jpg.rf.e96341d234522a1601e7bc7f85920e19.jpg,True,True,True
val,_img_563_jpg.rf.4a0fde933ac3176a5ff65c1f15c0a284.jpg,True,True,True
val,_img_568_jpg.rf.b6daa4c431a46409b94a12c8ee90b766.jpg,True,True,True
val,_img_571_jpg.rf.f0c0bc72205fdb1ccf4d1188cd528099.jpg,True,True,True
val,_img_572_jpg.rf.f9bb65951d5e3de291b04e65bdddfea0.jpg,True,True,True
val,_img_577_jpg.rf.48a7fbaf5c46564615d16270ccadc77c.jpg,True,True,True
val,_img_588_jpg.rf.84a28678c4e6919916636705d18a8bf7.jpg,True,True,True
val,_img_596_jpg.rf.40fddd551b58f72bbf176bf47fc2d564.jpg,True,True,True
val,_img_599_jpg.rf.52e0b8e5ef2622b605909105d5d3e387.jpg,True,True,True
val,_img_60_jpg.rf.f2dab9627d6158b7476ad2d2ca19d7df.jpg,True,True,True
val,_img_611_jpg.rf.727b4cd4047e590bce2a74d382f1a2a0.jpg,True,True,True
val,_img_614_jpg.rf.a427e8708a386ca46903f7d0ba2d5645.jpg,True,True,True
val,_img_615_jpg.rf.b97921ec99ea45cfc994e6f88c719d49.jpg,True,True,True
val,_img_638_jpg.rf.605ffb4206406763dbee18c54eecc813.jpg,True,True,True
val,_img_660_jpg.rf.7123a445fc6df602cfe77204c8cf3ea0.jpg,True,True,True
val,_img_663_jpg.rf.ee4c5a1ff9dfabd25306c4d65f7e7992.jpg,True,True,True
val,_img_669_jpg.rf.879c9363920d760aa70caed2ba708381.jpg,True,True,True
val,_img_677_jpg.rf.72f806a83964b60f6ad5a18b3506f04c.jpg,True,True,True
val,_img_76_jpg.rf.f4f466aca75f34a7683ceccea78c7e80.jpg,True,True,True
val,_img_77_jpg.rf.1d110fb6f13a662536874fef4862d87c.jpg,True,True,True
val,_img_82_jpg.rf.2e2a4b13b5c4cc93a9bb0a41276c5819.jpg,True,True,True
val,_img_89_jpg.rf.7dee947a9a8310b099a119439a762048.jpg,True,True,True
val,_img_92_jpg.rf.12910df3367725c613364775a54350cb.jpg,True,True,True
val,_img_98_jpg.rf.813e25038d1c64c2c600edb917a3e44b.jpg,True,True,True
test,_img_103_jpg.rf.ece2f0477b1a123805161024fffb2a09.jpg,True,True,True
test,_img_104_jpg.rf.fedad8cbbe37bf1da22f45770265b956.jpg,True,True,True
test,_img_113_jpg.rf.15037a6b05996328225299421d3833a5.jpg,True,True,True
test,_img_123_jpg.rf.cc7018a99038771b8a41f3f1b4c72f0c.jpg,True,True,True
test,_img_137_jpg.rf.1a7be940d2249f2de1df2538cc110c8b.jpg,True,True,True
test,_img_162_jpg.rf.957a778526c5b7e9505f8e41dfdf166c.jpg,True,True,True
test,_img_173_jpg.rf.274ed98f6aff584cad9742a7b5c3db50.jpg,True,True,True
test,_img_183_jpg.rf.b5a23621f6618fa954ea84eb6222e515.jpg,True,True,True
test,_img_188_jpg.rf.0450b18d680ef3284a58711fa0e04d80.jpg,True,True,True
test,_img_192_jpg.rf.1ecd7cdce39d56234693592b554e65b2.jpg,True,True,True
test,_img_196_jpg.rf.30520908ed3dee2df7bc67092820f991.jpg,True,True,True
test,_img_206_jpg.rf.6682750ffa64a66c8d8ae3701ee7efd3.jpg,True,True,True
test,_img_20_jpg.rf.9441fa050a22b0f03b3b26cf6ee0a3b2.jpg,True,True,True
test,_img_215_jpg.rf.317cbee12be691d42b19e07886e15de5.jpg,True,True,True
test,_img_216_jpg.rf.d267339aa2200dcc72bc7e2b60a70612.jpg,True,True,True
test,_img_234_jpg.rf.938b252b6ae39aad4fb1d40a3926e383.jpg,True,True,True
test,_img_250_jpg.rf.235570aa7414b8e943ccc69a17924ce5.jpg,True,True,True
test,_img_269_jpg.rf.f1ef8d00117bd80f835e53b3ba7fc3be.jpg,True,True,True
test,_img_353_jpg.rf.97b5ba3226369fd5b20358babca447e6.jpg,True,True,True
test,_img_357_jpg.rf.a4fc470e21bfd384290afb6f7cd3c88e.jpg,True,True,True
test,_img_367_jpg.rf.344d8069d77f2ce9235c55941a26fdc1.jpg,True,True,True
test,_img_371_jpg.rf.35a6105279f506b559d524120ac7b538.jpg,True,True,True
test,_img_398_jpg.rf.c90c43668d1793e647eb130ab3d9cd4b.jpg,True,True,True
test,_img_451_jpg.rf.c1eb30c6b44b947c14ceaf5399d18c6d.jpg,True,True,True
test,_img_47_jpg.rf.1d94e6200c537e73db4e3a30a525016a.jpg,True,True,True
test,_img_482_jpg.rf.0be1e07879b0ebdfb88009373eab84a4.jpg,True,True,True
test,_img_483_jpg.rf.75230493a8d6fa749bd9d1b2a58d2b44.jpg,True,True,True
test,_img_48_jpg.rf.c5ade7f33fd49144d76e29eb730cea72.jpg,True,True,True
test,_img_505_jpg.rf.5695e11396e2492703ba34f3915b77bd.jpg,True,True,True
test,_img_508_jpg.rf.db8bfdfe42b3c42ed61c36c9a5e2c6bf.jpg,True,True,True
test,_img_511_jpg.rf.845dd371d321636175cc7f68ed8ae770.jpg,True,True,True
test,_img_512_jpg.rf.4f1aba9a7adfa8c677fa7afb2e5b37bc.jpg,True,True,True
test,_img_521_jpg.rf.3531d67a65d11e1e1196cdd157dfcf01.jpg,True,True,True
test,_img_523_jpg.rf.7bde118ea7a55ba8f9eebd9411c09adf.jpg,True,True,True
test,_img_566_jpg.rf.3e0aaaae0a520309889ed9b8a1e6d8e2.jpg,True,True,True
test,_img_578_jpg.rf.4e4ba12752c56d8ff384468deeafb268.jpg,True,True,True
test,_img_584_jpg.rf.9d501f5ff6da92e20553ca49ee479e9e.jpg,True,True,True
test,_img_640_jpg.rf.5e51012546b8bfca0c3338b632404cb1.jpg,True,True,True
test,_img_645_jpg.rf.482011a2afb4322550165f4508069b38.jpg,True,True,True
test,_img_649_jpg.rf.cbf0f47b01e169bc3f07086df00c7a17.jpg,True,True,True
test,_img_83_jpg.rf.85ef326f9fc02f8ac9f77e298926a426.jpg,True,True,True
test,_img_93_jpg.rf.d60e8cbf2c3c2479e3f6e822147f592b.jpg,True,True,True
