model,condition,status,framework,checkpoint,training_hyperparameters,optimizer,optimizer_param_groups,scheduler,ending_epochs,total_training_seconds,validation_map50,validation_map50_95,validation_precision,validation_recall,validation_f1,validation_f1_peak,validation_f1_confidence,validation_tp,validation_fp,validation_fn,test_map50,test_map50_95,test_tp,test_fp,test_fn,test_correct_predictions_percent,test_inference_ms_per_image,test_average_confidence,model_size_bytes,parameter_count,training_peak_vram_bytes,operating_confidence,matching_iou,nms_iou,ap_score_cutoff,benchmark_precision,benchmark_scope,benchmark_warmup,benchmark_repeats,benchmark_batch_size
yolo11n,baseline,reused_phase1,yolo,experiments/phase1/yolo11n/weights/best.pt,"{""training"": {""seed"": 42, ""input_size"": [704, 704], ""epochs"": 100, ""batch_size"": 16, ""early_stopping"": true, ""patience"": 20, ""workers"": 2, ""gpu"": ""L4""}, ""model"": {""framework"": ""yolo"", ""config"": ""configs/phase1/yolo.yaml"", ""weights"": ""yolo11n.pt""}, ""settings"": {""task"": ""detect"", ""mode"": ""train"", ""model"": ""yolo11n.pt"", ""data"": ""/workspace/dataset/data.yaml"", ""epochs"": 100, ""time"": null, ""patience"": 20, ""batch"": 16, ""imgsz"": 704, ""save"": true, ""save_period"": -1, ""cache"": false, ""device"": ""0"", ""workers"": 2, ""project"": ""/workspace/experiments/phase1"", ""name"": ""yolo11n"", ""exist_ok"": true, ""pretrained"": true, ""cls_remap"": true, ""optimizer"": ""auto"", ""verbose"": true, ""seed"": 42, ""deterministic"": true, ""single_cls"": false, ""rect"": false, ""cos_lr"": false, ""close_mosaic"": 10, ""resume"": false, ""amp"": true, ""fraction"": 1.0, ""profile"": false, ""freeze"": null, ""multi_scale"": false, ""compile"": false, ""channels_last"": null, ""overlap_mask"": true, ""mask_ratio"": 4, ""dropout"": 0.0, ""val"": true, ""split"": ""val"", ""save_json"": false, ""conf"": null, ""iou"": 0.7, ""max_det"": 300, ""quantize"": null, ""dnn"": false, ""plots"": true, ""nms"": null, ""source"": null, ""vid_stride"": 1, ""stream_buffer"": false, ""visualize"": false, ""augment"": false, ""agnostic_nms"": false, ""classes"": null, ""retina_masks"": false, ""embed"": null, ""show"": false, ""save_frames"": false, ""save_txt"": false, ""save_conf"": false, ""save_crop"": false, ""show_labels"": true, ""show_conf"": true, ""show_boxes"": true, ""line_width"": null, ""format"": ""torchscript"", ""keras"": false, ""optimize"": false, ""dynamic"": false, ""simplify"": true, ""opset"": null, ""workspace"": null, ""lr0"": 0.01, ""lrf"": 0.01, ""momentum"": 0.937, ""weight_decay"": 0.0005, ""warmup_epochs"": 3.0, ""warmup_momentum"": 0.8, ""warmup_bias_lr"": 0.0, ""distill_model"": null, ""dis"": 6.0, ""box"": 7.5, ""cls"": 0.5, ""cls_pw"": 0.0, ""dfl"": 1.5, ""pose"": 12.0, ""kobj"": 1.0, ""rle"": 1.0, ""angle"": 1.0, ""dlog"": 1.0, ""dgrad"": 0.5, ""dlam"": 1.0, ""nbs"": 16, ""hsv_h"": 0.015, ""hsv_s"": 0.7, ""hsv_v"": 0.4, ""degrees"": 0.0, ""translate"": 0.1, ""scale"": 0.5, ""shear"": 0.0, ""perspective"": 0.0, ""flipud"": 0.0, ""fliplr"": 0.5, ""bgr"": 0.0, ""mosaic"": 1.0, ""mixup"": 0.0, ""cutmix"": 0.0, ""copy_paste"": 0.0, ""copy_paste_mode"": ""flip"", ""auto_augment"": ""randaugment"", ""erasing"": 0.4, ""cfg"": null, ""tracker"": ""tracktrack.yaml"", ""save_dir"": ""/workspace/experiments/phase1/yolo11n""}}",AdamW,"[{""lr"": 0.002, ""betas"": [0.9, 0.999], ""weight_decay"": 0.0005, ""param_group"": ""weight"", ""eps"": 1e-08, ""amsgrad"": false, ""maximize"": false, ""foreach"": null, ""capturable"": false, ""differentiable"": false, ""fused"": null, ""decoupled_weight_decay"": true, ""initial_lr"": 0.002}, {""lr"": 0.002, ""betas"": [0.9, 0.999], ""weight_decay"": 0.0, ""param_group"": ""bn"", ""eps"": 1e-08, ""amsgrad"": false, ""maximize"": false, ""foreach"": null, ""capturable"": false, ""differentiable"": false, ""fused"": null, ""decoupled_weight_decay"": true, ""initial_lr"": 0.002}, {""lr"": 0.002, ""betas"": [0.9, 0.999], ""weight_decay"": 0.0, ""param_group"": ""bias"", ""eps"": 1e-08, ""amsgrad"": false, ""maximize"": false, ""foreach"": null, ""capturable"": false, ""differentiable"": false, ""fused"": null, ""decoupled_weight_decay"": true, ""initial_lr"": 0.002}]",LambdaLR,101,320.91661083800136,1.0,0.963556410993107,1.0,1.0,1.0,1.0,0.3426613211631775,66,0,0,1.0,0.9786124925856642,33,0,0,100.0,14.359074119085331,0.930114055221731,5489626,2590035,2732735488,0.25,0.5,0.7,0.001,fp32,"decoded RGB -> preprocessing -> GPU transfer -> inference -> postprocessing -> CPU boxes; excludes file read, model load, matching, save",20,3,1
yolo11n,spatial,pending,,,,,,,,,,,,,,,,,,,,,,,,,,,,,,,,,,,,,,
yolo11n,photometric,pending,,,,,,,,,,,,,,,,,,,,,,,,,,,,,,,,,,,,,,
yolo11n,combined,pending,,,,,,,,,,,,,,,,,,,,,,,,,,,,,,,,,,,,,,
yolov8n,baseline,reused_phase1,yolo,experiments/phase1/yolov8n/weights/best.pt,"{""training"": {""seed"": 42, ""input_size"": [704, 704], ""epochs"": 100, ""batch_size"": 16, ""early_stopping"": true, ""patience"": 20, ""workers"": 2, ""gpu"": ""L4""}, ""model"": {""framework"": ""yolo"", ""config"": ""configs/phase1/yolo.yaml"", ""weights"": ""yolov8n.pt""}, ""settings"": {""task"": ""detect"", ""mode"": ""train"", ""model"": ""yolov8n.pt"", ""data"": ""/workspace/dataset/data.yaml"", ""epochs"": 100, ""time"": null, ""patience"": 20, ""batch"": 16, ""imgsz"": 704, ""save"": true, ""save_period"": -1, ""cache"": false, ""device"": ""0"", ""workers"": 2, ""project"": ""/workspace/experiments/phase1"", ""name"": ""yolov8n"", ""exist_ok"": true, ""pretrained"": true, ""cls_remap"": true, ""optimizer"": ""auto"", ""verbose"": true, ""seed"": 42, ""deterministic"": true, ""single_cls"": false, ""rect"": false, ""cos_lr"": false, ""close_mosaic"": 10, ""resume"": false, ""amp"": true, ""fraction"": 1.0, ""profile"": false, ""freeze"": null, ""multi_scale"": false, ""compile"": false, ""channels_last"": null, ""overlap_mask"": true, ""mask_ratio"": 4, ""dropout"": 0.0, ""val"": true, ""split"": ""val"", ""save_json"": false, ""conf"": null, ""iou"": 0.7, ""max_det"": 300, ""quantize"": null, ""dnn"": false, ""plots"": true, ""nms"": null, ""source"": null, ""vid_stride"": 1, ""stream_buffer"": false, ""visualize"": false, ""augment"": false, ""agnostic_nms"": false, ""classes"": null, ""retina_masks"": false, ""embed"": null, ""show"": false, ""save_frames"": false, ""save_txt"": false, ""save_conf"": false, ""save_crop"": false, ""show_labels"": true, ""show_conf"": true, ""show_boxes"": true, ""line_width"": null, ""format"": ""torchscript"", ""keras"": false, ""optimize"": false, ""dynamic"": false, ""simplify"": true, ""opset"": null, ""workspace"": null, ""lr0"": 0.01, ""lrf"": 0.01, ""momentum"": 0.937, ""weight_decay"": 0.0005, ""warmup_epochs"": 3.0, ""warmup_momentum"": 0.8, ""warmup_bias_lr"": 0.0, ""distill_model"": null, ""dis"": 6.0, ""box"": 7.5, ""cls"": 0.5, ""cls_pw"": 0.0, ""dfl"": 1.5, ""pose"": 12.0, ""kobj"": 1.0, ""rle"": 1.0, ""angle"": 1.0, ""dlog"": 1.0, ""dgrad"": 0.5, ""dlam"": 1.0, ""nbs"": 16, ""hsv_h"": 0.015, ""hsv_s"": 0.7, ""hsv_v"": 0.4, ""degrees"": 0.0, ""translate"": 0.1, ""scale"": 0.5, ""shear"": 0.0, ""perspective"": 0.0, ""flipud"": 0.0, ""fliplr"": 0.5, ""bgr"": 0.0, ""mosaic"": 1.0, ""mixup"": 0.0, ""cutmix"": 0.0, ""copy_paste"": 0.0, ""copy_paste_mode"": ""flip"", ""auto_augment"": ""randaugment"", ""erasing"": 0.4, ""cfg"": null, ""tracker"": ""tracktrack.yaml"", ""save_dir"": ""/workspace/experiments/phase1/yolov8n""}}",AdamW,"[{""lr"": 0.002, ""betas"": [0.9, 0.999], ""weight_decay"": 0.0005, ""param_group"": ""weight"", ""eps"": 1e-08, ""amsgrad"": false, ""maximize"": false, ""foreach"": null, ""capturable"": false, ""differentiable"": false, ""fused"": null, ""decoupled_weight_decay"": true, ""initial_lr"": 0.002}, {""lr"": 0.002, ""betas"": [0.9, 0.999], ""weight_decay"": 0.0, ""param_group"": ""bn"", ""eps"": 1e-08, ""amsgrad"": false, ""maximize"": false, ""foreach"": null, ""capturable"": false, ""differentiable"": false, ""fused"": null, ""decoupled_weight_decay"": true, ""initial_lr"": 0.002}, {""lr"": 0.002, ""betas"": [0.9, 0.999], ""weight_decay"": 0.0, ""param_group"": ""bias"", ""eps"": 1e-08, ""amsgrad"": false, ""maximize"": false, ""foreach"": null, ""capturable"": false, ""differentiable"": false, ""fused"": null, ""decoupled_weight_decay"": true, ""initial_lr"": 0.002}]",LambdaLR,96,258.4593990760004,1.0,0.9571043579190424,1.0,1.0,1.0,1.0,0.6468571424484253,66,0,0,1.0,0.9726734534355691,33,0,0,100.0,11.844590595472486,0.9176978640484087,6266474,3011043,2394496000,0.25,0.5,0.7,0.001,fp32,"decoded RGB -> preprocessing -> GPU transfer -> inference -> postprocessing -> CPU boxes; excludes file read, model load, matching, save",20,3,1
yolov8n,spatial,pending,,,,,,,,,,,,,,,,,,,,,,,,,,,,,,,,,,,,,,
yolov8n,photometric,pending,,,,,,,,,,,,,,,,,,,,,,,,,,,,,,,,,,,,,,
yolov8n,combined,pending,,,,,,,,,,,,,,,,,,,,,,,,,,,,,,,,,,,,,,
rfdetr_n,baseline,reused_phase1,rfdetr,experiments/phase1/rfdetr_n/checkpoint_best_total.pth,"{""training"": {""seed"": 42, ""input_size"": [704, 704], ""epochs"": 100, ""batch_size"": 16, ""early_stopping"": true, ""patience"": 20, ""workers"": 2, ""gpu"": ""L4""}, ""model"": {""framework"": ""rfdetr"", ""config"": ""configs/phase1/rfdetr_n.yaml"", ""weights"": ""automatic""}, ""settings"": {""train"": {""lr"": 0.0001, ""lr_encoder"": 0.00015, ""batch_size"": 16, ""grad_accum_steps"": 1, ""eval_batch_size"": null, ""pad_targets_to"": null, ""auto_batch_target_effective"": 16, ""auto_batch_max_targets_per_image"": 100, ""auto_batch_ema_headroom"": 0.7, ""epochs"": 100, ""resume"": null, ""ema_decay"": 0.993, ""ema_tau"": 100, ""checkpoint_interval"": 10, ""skip_best_epochs"": 0, ""smooth_alpha"": 0.0, ""warmup_epochs"": 0.0, ""lr_vit_layer_decay"": 0.8, ""lr_component_decay"": 0.7, ""drop_path"": 0.0, ""cls_loss_coef"": 1.0, ""keypoint_flip_pairs"": [], ""keypoint_l1_loss_coef"": 0.0, ""keypoint_findable_loss_coef"": 0.0, ""keypoint_visible_loss_coef"": 0.0, ""keypoint_nll_loss_coef"": 0.0, ""keypoint_oks_sigmas"": null, ""dataset_file"": ""yolo"", ""square_resize_div_64"": true, ""dataset_dir"": ""/workspace/dataset"", ""output_dir"": ""/workspace/experiments/phase1/rfdetr_n"", ""multi_scale"": ""off"", ""expanded_scales"": false, ""use_ema"": true, ""ema_update_interval"": 1, ""eval_base_model"": false, ""eval_ema_only"": false, ""num_workers"": 2, ""weight_decay"": 0.0001, ""amp_dtype"": ""fp16"", ""best_model_metric"": ""map"", ""early_stopping"": true, ""early_stopping_patience"": 20, ""early_stopping_min_delta"": 0.0, ""early_stopping_use_ema"": true, ""progress_bar"": null, ""tensorboard"": false, ""wandb"": false, ""mlflow"": false, ""clearml"": false, ""project"": null, ""run"": null, ""class_names"": null, ""run_test"": false, ""eval_max_dets"": 500, ""eval_interval"": 1, ""log_per_class_metrics"": false, ""eval_backend"": ""vernier"", ""eval_masks_head_resolution"": false, ""aug_config"": null, ""scale_jitter"": false, ""augmentation_backend"": ""cpu"", ""save_dataset_grids"": false, ""notes"": null, ""accelerator"": ""auto"", ""clip_max_norm"": 0.1, ""seed"": 42, ""sync_bn"": false, ""strategy"": ""auto"", ""devices"": 1, ""num_nodes"": 1, ""fp16_eval"": false, ""lr_scheduler"": ""step"", ""lr_scheduler_kwargs"": {}, ""lr_scheduler_interval"": ""step"", ""lr_scheduler_monitor"": ""val/loss"", ""optimizer"": ""adamw"", ""optimizer_kwargs"": {}, ""dont_save_weights"": false, ""train_log_sync_dist"": false, ""train_log_on_step"": false, ""compact_train_metrics"": true, ""compute_train_metrics"": false, ""num_sanity_val_steps"": 0, ""compute_val_loss"": ""auto"", ""compute_test_loss"": true, ""pin_memory"": null, ""persistent_workers"": null, ""prefetch_factor"": null, ""pack_targets"": true}, ""architecture"": {""encoder"": ""dinov2_windowed_small"", ""out_feature_indexes"": [3, 6, 9, 12], ""dec_layers"": 2, ""two_stage"": true, ""projector_scale"": [""P4""], ""hidden_dim"": 256, ""patch_size"": 16, ""num_windows"": 2, ""sa_nheads"": 8, ""ca_nheads"": 16, ""dec_n_points"": 2, ""num_queries"": 300, ""num_select"": 300, ""postprocess_trace_alpha"": 0.2, ""bbox_reparam"": true, ""lite_refpoint_refine"": true, ""layer_norm"": true, ""amp"": true, ""num_channels"": 3, ""num_classes"": 1, ""pretrain_weights"": ""/workspace/checkpoints/rfdetr/rf-detr-nano.pth"", ""device"": ""cuda"", ""resolution"": 704, ""group_detr"": 13, ""gradient_checkpointing"": false, ""compile"": false, ""cuda_graphs"": false, ""fused_optimizer"": true, ""positional_encoding_size"": 44, ""ia_bce_loss"": true, ""segmentation_head"": false, ""use_grouppose_keypoints"": false, ""keypoint_cross_attn"": true, ""inter_instance_kp_attn"": false, ""grouppose_keypoint_dim_downscale"": 1, ""dual_projector"": false, ""dual_projector_kp_only"": false, ""num_keypoints_per_class"": [], ""num_decoder_registers"": 0, ""mask_downsample_ratio"": 4, ""backbone_lora"": false, ""freeze_encoder"": false, ""license"": ""Apache-2.0"", ""model_name"": ""RFDETRNano""}}}",AdamW,"[{""lr"": 0.0001, ""betas"": [0.9, 0.999], ""eps"": 1e-08, ""weight_decay"": 0.0001, ""amsgrad"": false, ""maximize"": false, ""foreach"": null, ""capturable"": false, ""differentiable"": false, ""fused"": false, ""decoupled_weight_decay"": true, ""initial_lr"": 0.0001}, {""lr"": 3.232564185661442e-06, ""weight_decay"": 0.0, ""betas"": [0.9, 0.999], ""eps"": 1e-08, ""amsgrad"": false, ""maximize"": false, ""foreach"": null, ""capturable"": false, ""differentiable"": false, ""fused"": false, ""decoupled_weight_decay"": true, ""initial_lr"": 3.232564185661442e-06}, {""lr"": 4.040705232076802e-06, ""weight_decay"": 0.0, ""betas"": [0.9, 0.999], ""eps"": 1e-08, ""amsgrad"": false, ""maximize"": false, ""foreach"": null, ""capturable"": false, ""differentiable"": false, ""fused"": false, ""decoupled_weight_decay"": true, ""initial_lr"": 4.040705232076802e-06}, {""lr"": 4.040705232076802e-06, ""weight_decay"": 0.0001, ""betas"": [0.9, 0.999], ""eps"": 1e-08, ""amsgrad"": false, ""maximize"": false, ""foreach"": null, ""capturable"": false, ""differentiable"": false, ""fused"": false, ""decoupled_weight_decay"": true, ""initial_lr"": 4.040705232076802e-06}, {""lr"": 5.050881540096002e-06, ""weight_decay"": 0.0, ""betas"": [0.9, 0.999], ""eps"": 1e-08, ""amsgrad"": false, ""maximize"": false, ""foreach"": null, ""capturable"": false, ""differentiable"": false, ""fused"": false, ""decoupled_weight_decay"": true, ""initial_lr"": 5.050881540096002e-06}, {""lr"": 5.050881540096002e-06, ""weight_decay"": 0.0001, ""betas"": [0.9, 0.999], ""eps"": 1e-08, ""amsgrad"": false, ""maximize"": false, ""foreach"": null, ""capturable"": false, ""differentiable"": false, ""fused"": false, ""decoupled_weight_decay"": true, ""initial_lr"": 5.050881540096002e-06}, {""lr"": 6.313601925120002e-06, ""weight_decay"": 0.0, ""betas"": [0.9, 0.999], ""eps"": 1e-08, ""amsgrad"": false, ""maximize"": false, ""foreach"": null, ""capturable"": false, ""differentiable"": false, ""fused"": false, ""decoupled_weight_decay"": true, ""initial_lr"": 6.313601925120002e-06}, {""lr"": 6.313601925120002e-06, ""weight_decay"": 0.0001, ""betas"": [0.9, 0.999], ""eps"": 1e-08, ""amsgrad"": false, ""maximize"": false, ""foreach"": null, ""capturable"": false, ""differentiable"": false, ""fused"": false, ""decoupled_weight_decay"": true, ""initial_lr"": 6.313601925120002e-06}, {""lr"": 7.892002406400002e-06, ""weight_decay"": 0.0, ""betas"": [0.9, 0.999], ""eps"": 1e-08, ""amsgrad"": false, ""maximize"": false, ""foreach"": null, ""capturable"": false, ""differentiable"": false, ""fused"": false, ""decoupled_weight_decay"": true, ""initial_lr"": 7.892002406400002e-06}, {""lr"": 7.892002406400002e-06, ""weight_decay"": 0.0001, ""betas"": [0.9, 0.999], ""eps"": 1e-08, ""amsgrad"": false, ""maximize"": false, ""foreach"": null, ""capturable"": false, ""differentiable"": false, ""fused"": false, ""decoupled_weight_decay"": true, ""initial_lr"": 7.892002406400002e-06}, {""lr"": 9.865003008000004e-06, ""weight_decay"": 0.0, ""betas"": [0.9, 0.999], ""eps"": 1e-08, ""amsgrad"": false, ""maximize"": false, ""foreach"": null, ""capturable"": false, ""differentiable"": false, ""fused"": false, ""decoupled_weight_decay"": true, ""initial_lr"": 9.865003008000004e-06}, {""lr"": 9.865003008000004e-06, ""weight_decay"": 0.0001, ""betas"": [0.9, 0.999], ""eps"": 1e-08, ""amsgrad"": false, ""maximize"": false, ""foreach"": null, ""capturable"": false, ""differentiable"": false, ""fused"": false, ""decoupled_weight_decay"": true, ""initial_lr"": 9.865003008000004e-06}, {""lr"": 1.2331253760000003e-05, ""weight_decay"": 0.0, ""betas"": [0.9, 0.999], ""eps"": 1e-08, ""amsgrad"": false, ""maximize"": false, ""foreach"": null, ""capturable"": false, ""differentiable"": false, ""fused"": false, ""decoupled_weight_decay"": true, ""initial_lr"": 1.2331253760000003e-05}, {""lr"": 1.2331253760000003e-05, ""weight_decay"": 0.0001, ""betas"": [0.9, 0.999], ""eps"": 1e-08, ""amsgrad"": false, ""maximize"": false, ""foreach"": null, ""capturable"": false, ""differentiable"": false, ""fused"": false, ""decoupled_weight_decay"": true, ""initial_lr"": 1.2331253760000003e-05}, {""lr"": 1.54140672e-05, ""weight_decay"": 0.0, ""betas"": [0.9, 0.999], ""eps"": 1e-08, ""amsgrad"": false, ""maximize"": false, ""foreach"": null, ""capturable"": false, ""differentiable"": false, ""fused"": false, ""decoupled_weight_decay"": true, ""initial_lr"": 1.54140672e-05}, {""lr"": 1.54140672e-05, ""weight_decay"": 0.0001, ""betas"": [0.9, 0.999], ""eps"": 1e-08, ""amsgrad"": false, ""maximize"": false, ""foreach"": null, ""capturable"": false, ""differentiable"": false, ""fused"": false, ""decoupled_weight_decay"": true, ""initial_lr"": 1.54140672e-05}, {""lr"": 1.9267584000000005e-05, ""weight_decay"": 0.0, ""betas"": [0.9, 0.999], ""eps"": 1e-08, ""amsgrad"": false, ""maximize"": false, ""foreach"": null, ""capturable"": false, ""differentiable"": false, ""fused"": false, ""decoupled_weight_decay"": true, ""initial_lr"": 1.9267584000000005e-05}, {""lr"": 1.9267584000000005e-05, ""weight_decay"": 0.0001, ""betas"": [0.9, 0.999], ""eps"": 1e-08, ""amsgrad"": false, ""maximize"": false, ""foreach"": null, ""capturable"": false, ""differentiable"": false, ""fused"": false, ""decoupled_weight_decay"": true, ""initial_lr"": 1.9267584000000005e-05}, {""lr"": 2.408448e-05, ""weight_decay"": 0.0, ""betas"": [0.9, 0.999], ""eps"": 1e-08, ""amsgrad"": false, ""maximize"": false, ""foreach"": null, ""capturable"": false, ""differentiable"": false, ""fused"": false, ""decoupled_weight_decay"": true, ""initial_lr"": 2.408448e-05}, {""lr"": 2.408448e-05, ""weight_decay"": 0.0001, ""betas"": [0.9, 0.999], ""eps"": 1e-08, ""amsgrad"": false, ""maximize"": false, ""foreach"": null, ""capturable"": false, ""differentiable"": false, ""fused"": false, ""decoupled_weight_decay"": true, ""initial_lr"": 2.408448e-05}, {""lr"": 3.01056e-05, ""weight_decay"": 0.0, ""betas"": [0.9, 0.999], ""eps"": 1e-08, ""amsgrad"": false, ""maximize"": false, ""foreach"": null, ""capturable"": false, ""differentiable"": false, ""fused"": false, ""decoupled_weight_decay"": true, ""initial_lr"": 3.01056e-05}, {""lr"": 3.01056e-05, ""weight_decay"": 0.0001, ""betas"": [0.9, 0.999], ""eps"": 1e-08, ""amsgrad"": false, ""maximize"": false, ""foreach"": null, ""capturable"": false, ""differentiable"": false, ""fused"": false, ""decoupled_weight_decay"": true, ""initial_lr"": 3.01056e-05}, {""lr"": 3.7632e-05, ""weight_decay"": 0.0, ""betas"": [0.9, 0.999], ""eps"": 1e-08, ""amsgrad"": false, ""maximize"": false, ""foreach"": null, ""capturable"": false, ""differentiable"": false, ""fused"": false, ""decoupled_weight_decay"": true, ""initial_lr"": 3.7632e-05}, {""lr"": 3.7632e-05, ""weight_decay"": 0.0001, ""betas"": [0.9, 0.999], ""eps"": 1e-08, ""amsgrad"": false, ""maximize"": false, ""foreach"": null, ""capturable"": false, ""differentiable"": false, ""fused"": false, ""decoupled_weight_decay"": true, ""initial_lr"": 3.7632e-05}, {""lr"": 4.7040000000000004e-05, ""weight_decay"": 0.0, ""betas"": [0.9, 0.999], ""eps"": 1e-08, ""amsgrad"": false, ""maximize"": false, ""foreach"": null, ""capturable"": false, ""differentiable"": false, ""fused"": false, ""decoupled_weight_decay"": true, ""initial_lr"": 4.7040000000000004e-05}, {""lr"": 4.7040000000000004e-05, ""weight_decay"": 0.0001, ""betas"": [0.9, 0.999], ""eps"": 1e-08, ""amsgrad"": false, ""maximize"": false, ""foreach"": null, ""capturable"": false, ""differentiable"": false, ""fused"": false, ""decoupled_weight_decay"": true, ""initial_lr"": 4.7040000000000004e-05}, {""lr"": 7.349999999999998e-05, ""weight_decay"": 0.0, ""betas"": [0.9, 0.999], ""eps"": 1e-08, ""amsgrad"": false, ""maximize"": false, ""foreach"": null, ""capturable"": false, ""differentiable"": false, ""fused"": false, ""decoupled_weight_decay"": true, ""initial_lr"": 7.349999999999998e-05}, {""lr"": 7e-05, ""betas"": [0.9, 0.999], ""eps"": 1e-08, ""weight_decay"": 0.0001, ""amsgrad"": false, ""maximize"": false, ""foreach"": null, ""capturable"": false, ""differentiable"": false, ""fused"": false, ""decoupled_weight_decay"": true, ""initial_lr"": 7e-05}]",LambdaLR,38,768.4608882720022,1.0,0.9710785466307209,1.0,0.9848484848484849,0.9923664122137404,1.0,0.19846278429031372,65,0,1,1.0,0.9810894676424164,33,0,0,100.0,22.086337182444698,0.9520938540949966,122985453,30669316,12871921664,0.25,0.5,,0.001,fp32,"decoded RGB -> preprocessing -> GPU transfer -> inference -> postprocessing -> CPU boxes; excludes file read, model load, matching, save",20,3,1
rfdetr_n,spatial,pending,,,,,,,,,,,,,,,,,,,,,,,,,,,,,,,,,,,,,,
rfdetr_n,photometric,pending,,,,,,,,,,,,,,,,,,,,,,,,,,,,,,,,,,,,,,
rfdetr_n,combined,pending,,,,,,,,,,,,,,,,,,,,,,,,,,,,,,,,,,,,,,
dfine_n,baseline,reused_phase1,dfine,experiments/phase1/dfine_n/best_phase1.pth,"{""training"": {""seed"": 42, ""input_size"": [704, 704], ""epochs"": 100, ""batch_size"": 16, ""early_stopping"": true, ""patience"": 20, ""workers"": 2, ""gpu"": ""L4""}, ""model"": {""framework"": ""dfine"", ""config"": ""configs/phase1/dfine_n.yaml"", ""weights"": ""checkpoints/dfine_n_coco.pth""}, ""settings"": {""task"": ""detection"", ""evaluator"": {""type"": ""CocoEvaluator"", ""iou_types"": [""bbox""]}, ""num_classes"": 1, ""remap_mscoco_category"": false, ""train_dataloader"": {""type"": ""DataLoader"", ""dataset"": {""type"": ""CocoDetection"", ""img_folder"": ""/workspace/dataset/images/train"", ""ann_file"": ""/workspace/dataset/annotations/instances_train.json"", ""return_masks"": false, ""transforms"": {""type"": ""Compose"", ""ops"": [{""type"": ""RandomPhotometricDistort"", ""p"": 0.5}, {""type"": ""RandomZoomOut"", ""fill"": 0}, {""type"": ""RandomIoUCrop"", ""p"": 0.8}, {""type"": ""SanitizeBoundingBoxes"", ""min_size"": 1}, {""type"": ""RandomHorizontalFlip""}, {""type"": ""Resize"", ""size"": [704, 704]}, {""type"": ""SanitizeBoundingBoxes"", ""min_size"": 1}, {""type"": ""ConvertPILImage"", ""dtype"": ""float32"", ""scale"": true}, {""type"": ""ConvertBoxes"", ""fmt"": ""cxcywh"", ""normalize"": true}], ""policy"": {""name"": ""stop_epoch"", ""epoch"": 88, ""ops"": [""RandomPhotometricDistort"", ""RandomZoomOut"", ""RandomIoUCrop""]}}}, ""shuffle"": true, ""num_workers"": 2, ""drop_last"": true, ""collate_fn"": {""type"": ""BatchImageCollateFunction"", ""base_size"": 704, ""base_size_repeat"": null, ""stop_epoch"": 88, ""ema_restart_decay"": 0.9999}, ""total_batch_size"": 16}, ""val_dataloader"": {""type"": ""DataLoader"", ""dataset"": {""type"": ""CocoDetection"", ""img_folder"": ""/workspace/dataset/images/valid"", ""ann_file"": ""/workspace/dataset/annotations/instances_valid.json"", ""return_masks"": false, ""transforms"": {""type"": ""Compose"", ""ops"": [{""type"": ""Resize"", ""size"": [704, 704]}, {""type"": ""ConvertPILImage"", ""dtype"": ""float32"", ""scale"": true}]}}, ""shuffle"": false, ""num_workers"": 2, ""drop_last"": false, ""collate_fn"": {""type"": ""BatchImageCollateFunction""}, ""total_batch_size"": 16}, ""print_freq"": 100, ""output_dir"": ""/workspace/experiments/phase1/dfine_n"", ""checkpoint_freq"": 12, ""sync_bn"": true, ""find_unused_parameters"": false, ""use_amp"": true, ""scaler"": {""type"": ""GradScaler"", ""enabled"": true}, ""use_ema"": true, ""ema"": {""type"": ""ModelEMA"", ""decay"": 0.9999, ""warmups"": 1000, ""start"": 0}, ""use_wandb"": false, ""project_name"": ""D-FINE"", ""exp_name"": ""baseline"", ""epochs"": 100, ""clip_max_norm"": 0.1, ""optimizer"": {""type"": ""AdamW"", ""params"": [{""params"": ""^(?=.*backbone)(?!.*norm|bn).*$"", ""lr"": 0.0004}, {""params"": ""^(?=.*backbone)(?=.*norm|bn).*$"", ""lr"": 0.0004, ""weight_decay"": 0.0}, {""params"": ""^(?=.*(?:encoder|decoder))(?=.*(?:norm|bn|bias)).*$"", ""weight_decay"": 0.0}], ""lr"": 0.0008, ""betas"": [0.9, 0.999], ""weight_decay"": 0.0001}, ""lr_scheduler"": {""type"": ""MultiStepLR"", ""milestones"": [80], ""gamma"": 0.1}, ""lr_warmup_scheduler"": {""type"": ""LinearWarmup"", ""warmup_duration"": 100}, ""model"": ""DFINE"", ""criterion"": ""DFINECriterion"", ""postprocessor"": ""DFINEPostProcessor"", ""use_focal_loss"": true, ""eval_spatial_size"": [704, 704], ""DFINE"": {""backbone"": ""HGNetv2"", ""encoder"": ""HybridEncoder"", ""decoder"": ""DFINETransformer""}, ""HGNetv2"": {""pretrained"": false, ""local_model_dir"": ""weight/hgnetv2/"", ""name"": ""B0"", ""return_idx"": [2, 3], ""freeze_at"": -1, ""freeze_norm"": false, ""use_lab"": true}, ""HybridEncoder"": {""in_channels"": [512, 1024], ""feat_strides"": [16, 32], ""hidden_dim"": 128, ""use_encoder_idx"": [1], ""num_encoder_layers"": 1, ""nhead"": 8, ""dim_feedforward"": 512, ""dropout"": 0.0, ""enc_act"": ""gelu"", ""expansion"": 0.34, ""depth_mult"": 0.5, ""act"": ""silu""}, ""DFINETransformer"": {""feat_channels"": [128, 128], ""feat_strides"": [16, 32], ""hidden_dim"": 128, ""num_levels"": 2, ""num_layers"": 3, ""eval_idx"": -1, ""num_queries"": 300, ""num_denoising"": 100, ""label_noise_ratio"": 0.5, ""box_noise_scale"": 1.0, ""reg_max"": 32, ""reg_scale"": 4, ""layer_scale"": 1, ""num_points"": [6, 6], ""cross_attn_method"": ""default"", ""query_select_method"": ""default"", ""dim_feedforward"": 512}, ""DFINEPostProcessor"": {""num_top_queries"": 300}, ""DFINECriterion"": {""weight_dict"": {""loss_vfl"": 1, ""loss_bbox"": 5, ""loss_giou"": 2, ""loss_fgl"": 0.15, ""loss_ddf"": 1.5}, ""losses"": [""vfl"", ""boxes"", ""local""], ""alpha"": 0.75, ""gamma"": 2.0, ""reg_max"": 32, ""matcher"": {""type"": ""HungarianMatcher"", ""weight_dict"": {""cost_class"": 2, ""cost_bbox"": 5, ""cost_giou"": 2}, ""alpha"": 0.25, ""gamma"": 2.0}}, ""tuning"": ""/workspace/checkpoints/dfine_n_coco.pth"", ""device"": ""cuda:0"", ""seed"": 42}}",AdamW,"[{""lr"": 0.0004, ""betas"": [0.9, 0.999], ""eps"": 1e-08, ""weight_decay"": 0.0001, ""amsgrad"": false, ""foreach"": null, ""maximize"": false, ""capturable"": false, ""differentiable"": false, ""fused"": null, ""initial_lr"": 0.0004}, {""lr"": 0.0004, ""weight_decay"": 0.0, ""betas"": [0.9, 0.999], ""eps"": 1e-08, ""amsgrad"": false, ""foreach"": null, ""maximize"": false, ""capturable"": false, ""differentiable"": false, ""fused"": null, ""initial_lr"": 0.0004}, {""weight_decay"": 0.0, ""lr"": 0.0008, ""betas"": [0.9, 0.999], ""eps"": 1e-08, ""amsgrad"": false, ""foreach"": null, ""maximize"": false, ""capturable"": false, ""differentiable"": false, ""fused"": null, ""initial_lr"": 0.0008}, {""lr"": 0.0008, ""betas"": [0.9, 0.999], ""eps"": 1e-08, ""weight_decay"": 0.0001, ""amsgrad"": false, ""foreach"": null, ""maximize"": false, ""capturable"": false, ""differentiable"": false, ""fused"": null, ""initial_lr"": 0.0008}]",MultiStepLR,30,488.9093030080003,1.0,0.9738540904851146,0.9705882352941176,1.0,0.9850746268656716,1.0,0.41719892621040344,66,2,0,1.0,0.9671666193093804,33,0,0,100.0,27.822612444449785,0.9314325009331559,15293506,3731817,5014249472,0.25,0.5,,0.001,fp32,"decoded RGB -> preprocessing -> GPU transfer -> inference -> postprocessing -> CPU boxes; excludes file read, model load, matching, save",20,3,1
dfine_n,spatial,pending,,,,,,,,,,,,,,,,,,,,,,,,,,,,,,,,,,,,,,
dfine_n,photometric,pending,,,,,,,,,,,,,,,,,,,,,,,,,,,,,,,,,,,,,,
dfine_n,combined,pending,,,,,,,,,,,,,,,,,,,,,,,,,,,,,,,,,,,,,,
