제목,관련 이슈·To-do,기록일,날짜,담당자,마지막 수정,분류,분야,생성일,요약,자료 링크,작성 상태
[MINI]System flow-chart,[MINI]flow-chart (%EC%9D%B4%EC%8A%88%20&%20To-do%20%ED%8A%B8%EB%9E%98%EC%BB%A4/%5BMINI%5Dflow-chart%203ed0f4c1b9cc800cb6dde47f680d8fa7.csv),2026년 10월 2일,2026년 10월 2일,"봉승현, 민서 김, sj b, 09180_이원호",2026년 10월 7일 오전 10:42,설계 결정,Docs,2026년 10월 2일 오전 9:15,,,작성 중
[비즈니스요구서]폐공장 업사이클링을 위한 Slam 기반 자동 맵 생성 시스템,비즈니스 요구서 작성 (%EC%9D%B4%EC%8A%88%20&%20To-do%20%ED%8A%B8%EB%9E%98%EC%BB%A4/%EB%B9%84%EC%A6%88%EB%8B%88%EC%8A%A4%20%EC%9A%94%EA%B5%AC%EC%84%9C%20%EC%9E%91%EC%84%B1%203ed0f4c1b9cc80e79f9fe939d0be6e96.csv),2026년 10월 2일,2026년 10월 2일,"봉승현, 민서 김, sj b, 09180_이원호",2026년 10월 6일 오전 9:40,설계 결정,Docs,2026년 10월 2일 오전 9:17,,https://app.notion.com/p/1-80a0f4c1b9cc8329b52b815775b79546?source=copy_link,작성 중
"[개발환경구축]Victus, MSI 개발 환경 구축",[개발환경구축]설정 및 장비 확인 (%EC%9D%B4%EC%8A%88%20&%20To-do%20%ED%8A%B8%EB%9E%98%EC%BB%A4/%5B%EA%B0%9C%EB%B0%9C%ED%99%98%EA%B2%BD%EA%B5%AC%EC%B6%95%5D%EC%84%A4%EC%A0%95%20%EB%B0%8F%20%EC%9E%A5%EB%B9%84%20%ED%99%95%EC%9D%B8%203ec0f4c1b9cc8011a9b0de27fed4fdd7.csv),2026년 10월 1일,2026년 10월 1일,"09180_이원호, sj b",2026년 10월 5일 오후 8:48,구현,"HW, ROS2",2026년 10월 2일 오전 9:26,,,정리 완료
[기술검증]ROS 통신 확인,[개발환경구축]설정 및 장비 확인 (%EC%9D%B4%EC%8A%88%20&%20To-do%20%ED%8A%B8%EB%9E%98%EC%BB%A4/%5B%EA%B0%9C%EB%B0%9C%ED%99%98%EA%B2%BD%EA%B5%AC%EC%B6%95%5D%EC%84%A4%EC%A0%95%20%EB%B0%8F%20%EC%9E%A5%EB%B9%84%20%ED%99%95%EC%9D%B8%203ec0f4c1b9cc8011a9b0de27fed4fdd7.csv),2026년 10월 1일,2026년 10월 1일,"봉승현, 민서 김, sj b, 09180_이원호",2026년 10월 5일 오후 8:31,실험,ROS2,2026년 10월 2일 오전 9:27,,,정리 완료
[기술검증] YOLO 모델 비교분석 — Web Cam,"[기술검증]Vision 모델 활용과 성능 평가 방법 이해 (%EC%9D%B4%EC%8A%88%20&%20To-do%20%ED%8A%B8%EB%9E%98%EC%BB%A4/%5B%EA%B8%B0%EC%88%A0%EA%B2%80%EC%A6%9D%5DVision%20%EB%AA%A8%EB%8D%B8%20%ED%99%9C%EC%9A%A9%EA%B3%BC%20%EC%84%B1%EB%8A%A5%20%ED%8F%89%EA%B0%80%20%EB%B0%A9%EB%B2%95%20%EC%9D%B4%ED%95%B4%203ed0f4c1b9cc80c68987d8779a03f04e.csv), [기술검증]Vision AI detection with YOLO (웹캠 파트) (%EC%9D%B4%EC%8A%88%20&%20To-do%20%ED%8A%B8%EB%9E%98%EC%BB%A4/%5B%EA%B8%B0%EC%88%A0%EA%B2%80%EC%A6%9D%5DVision%20AI%20detection%20with%20YOLO%20(%EC%9B%B9%EC%BA%A0%20%ED%8C%8C%ED%8A%B8)%203ee0f4c1b9cc802e9bcbe4729d97558f.csv)",2026년 10월 2일 → 2026년 10월 3일,2026년 10월 3일,"민서 김, 09180_이원호",2026년 10월 6일 오전 9:53,실험,Vision,2026년 10월 2일 오후 8:16,,,정리 완료
[기술검증]AMR Cam 설정 및 데이터 수집,[기술검증]Vision 모델 활용과 성능 평가 방법 이해 (%EC%9D%B4%EC%8A%88%20&%20To-do%20%ED%8A%B8%EB%9E%98%EC%BB%A4/%5B%EA%B8%B0%EC%88%A0%EA%B2%80%EC%A6%9D%5DVision%20%EB%AA%A8%EB%8D%B8%20%ED%99%9C%EC%9A%A9%EA%B3%BC%20%EC%84%B1%EB%8A%A5%20%ED%8F%89%EA%B0%80%20%EB%B0%A9%EB%B2%95%20%EC%9D%B4%ED%95%B4%203ed0f4c1b9cc80c68987d8779a03f04e.csv),2026년 10월 2일 → 2026년 10월 4일,2026년 10월 2일,봉승현,2026년 10월 5일 오후 10:49,실험,Vision,2026년 10월 2일 오후 8:17,,,정리 완료
[개발환경구축]Depth 카메라 확인-1차,[기술검증]Vision 모델 활용과 성능 평가 방법 이해 (%EC%9D%B4%EC%8A%88%20&%20To-do%20%ED%8A%B8%EB%9E%98%EC%BB%A4/%5B%EA%B8%B0%EC%88%A0%EA%B2%80%EC%A6%9D%5DVision%20%EB%AA%A8%EB%8D%B8%20%ED%99%9C%EC%9A%A9%EA%B3%BC%20%EC%84%B1%EB%8A%A5%20%ED%8F%89%EA%B0%80%20%EB%B0%A9%EB%B2%95%20%EC%9D%B4%ED%95%B4%203ed0f4c1b9cc80c68987d8779a03f04e.csv),2026년 10월 2일,2026년 10월 2일,봉승현,2026년 10월 5일 오후 8:15,실험,HW,2026년 10월 2일 오후 8:50,,,정리 완료
[개발환경구축]Depth 카메라 확인-2차,[개발환경구축]설정 및 장비 확인 (%EC%9D%B4%EC%8A%88%20&%20To-do%20%ED%8A%B8%EB%9E%98%EC%BB%A4/%5B%EA%B0%9C%EB%B0%9C%ED%99%98%EA%B2%BD%EA%B5%AC%EC%B6%95%5D%EC%84%A4%EC%A0%95%20%EB%B0%8F%20%EC%9E%A5%EB%B9%84%20%ED%99%95%EC%9D%B8%203ec0f4c1b9cc8011a9b0de27fed4fdd7.csv),2026년 10월 5일,2026년 10월 4일,봉승현,2026년 10월 5일 오후 8:15,실험,HW,2026년 10월 3일 오전 9:55,"Depth 카메라를 이용해 동일 RC Car를 0.5 ~ 2.5 m 거리에서 10회씩 측정하여 각 거리별 대표 depth, 오차 및 변동성을 평가한 실험 결과와 분석을 정리한 보고서.",,정리 완료
[MINI]Vision 모델 구현 — Web Cam,"[기술검증]Vision AI detection with YOLO (웹캠 파트) (%EC%9D%B4%EC%8A%88%20&%20To-do%20%ED%8A%B8%EB%9E%98%EC%BB%A4/%5B%EA%B8%B0%EC%88%A0%EA%B2%80%EC%A6%9D%5DVision%20AI%20detection%20with%20YOLO%20(%EC%9B%B9%EC%BA%A0%20%ED%8C%8C%ED%8A%B8)%203ee0f4c1b9cc802e9bcbe4729d97558f.csv), [기술검증]Vision 모델 활용과 성능 평가 방법 이해 (%EC%9D%B4%EC%8A%88%20&%20To-do%20%ED%8A%B8%EB%9E%98%EC%BB%A4/%5B%EA%B8%B0%EC%88%A0%EA%B2%80%EC%A6%9D%5DVision%20%EB%AA%A8%EB%8D%B8%20%ED%99%9C%EC%9A%A9%EA%B3%BC%20%EC%84%B1%EB%8A%A5%20%ED%8F%89%EA%B0%80%20%EB%B0%A9%EB%B2%95%20%EC%9D%B4%ED%95%B4%203ed0f4c1b9cc80c68987d8779a03f04e.csv)",2026년 10월 2일 → 2026년 10월 3일,,"09180_이원호, 민서 김",2026년 10월 6일 오전 10:01,구현,Vision,2026년 10월 3일 오전 10:42,,,정리 완료
[기술검증]Vision 모델 비교 분석 — AMR Cam,[기술검증]Vision 모델 활용과 성능 평가 방법 이해 (%EC%9D%B4%EC%8A%88%20&%20To-do%20%ED%8A%B8%EB%9E%98%EC%BB%A4/%5B%EA%B8%B0%EC%88%A0%EA%B2%80%EC%A6%9D%5DVision%20%EB%AA%A8%EB%8D%B8%20%ED%99%9C%EC%9A%A9%EA%B3%BC%20%EC%84%B1%EB%8A%A5%20%ED%8F%89%EA%B0%80%20%EB%B0%A9%EB%B2%95%20%EC%9D%B4%ED%95%B4%203ed0f4c1b9cc80c68987d8779a03f04e.csv),2026년 10월 3일,2026년 10월 3일,봉승현,2026년 10월 6일 오전 10:07,실험,Vision,2026년 10월 3일 오후 2:42,,,정리 완료
"[기술검증]pt, onnx 비교 — AMR Cam",[기술검증]Vision 모델 활용과 성능 평가 방법 이해 (%EC%9D%B4%EC%8A%88%20&%20To-do%20%ED%8A%B8%EB%9E%98%EC%BB%A4/%5B%EA%B8%B0%EC%88%A0%EA%B2%80%EC%A6%9D%5DVision%20%EB%AA%A8%EB%8D%B8%20%ED%99%9C%EC%9A%A9%EA%B3%BC%20%EC%84%B1%EB%8A%A5%20%ED%8F%89%EA%B0%80%20%EB%B0%A9%EB%B2%95%20%EC%9D%B4%ED%95%B4%203ed0f4c1b9cc80c68987d8779a03f04e.csv),2026년 10월 4일,2026년 10월 4일,봉승현,2026년 10월 6일 오전 10:08,실험,"HW, Vision",2026년 10월 4일 오후 4:24,,,작성 중
[기술검증] AMR 제어 기술 탐색 및 검증,[기술검증]AMR 제어 기술 탐색 및 검증 (%EC%9D%B4%EC%8A%88%20&%20To-do%20%ED%8A%B8%EB%9E%98%EC%BB%A4/%5B%EA%B8%B0%EC%88%A0%EA%B2%80%EC%A6%9D%5DAMR%20%EC%A0%9C%EC%96%B4%20%EA%B8%B0%EC%88%A0%20%ED%83%90%EC%83%89%20%EB%B0%8F%20%EA%B2%80%EC%A6%9D%203ed0f4c1b9cc809e8cabec53f31cb31b.csv),2026년 10월 5일,,sj b,2026년 10월 6일 오전 12:25,실험,Robot,2026년 10월 5일 오후 9:35,,,정리 완료
[기술검증] 가즈보 시험 월드 v1.0 — 심투리얼(sim-to-real) 세팅 규격,[기술검증]AMR 제어 기술 탐색 및 검증 (%EC%9D%B4%EC%8A%88%20&%20To-do%20%ED%8A%B8%EB%9E%98%EC%BB%A4/%5B%EA%B8%B0%EC%88%A0%EA%B2%80%EC%A6%9D%5DAMR%20%EC%A0%9C%EC%96%B4%20%EA%B8%B0%EC%88%A0%20%ED%83%90%EC%83%89%20%EB%B0%8F%20%EA%B2%80%EC%A6%9D%203ed0f4c1b9cc809e8cabec53f31cb31b.csv),2026년 10월 5일,,sj b,2026년 10월 6일 오전 9:31,실험,"ROS2, Robot",2026년 10월 5일 오후 9:38,,,정리 완료
[기술검증] vision 모델 추가 비교 — AMR Cam,,2026년 10월 6일,2026년 10월 5일,봉승현,2026년 10월 6일 오전 10:12,실험,Vision,2026년 10월 6일 오전 10:04,,,작성 중
[기술검증]gazebo 상 auto slam 및 Nav2 기본 동작 확인,,,,,2026년 10월 6일 오후 12:39,실험,,2026년 10월 6일 오전 11:32,,,
[기술검증]Nav2 parameter test,[기술검증]AMR 제어 기술 탐색 및 검증 (%EC%9D%B4%EC%8A%88%20&%20To-do%20%ED%8A%B8%EB%9E%98%EC%BB%A4/%5B%EA%B8%B0%EC%88%A0%EA%B2%80%EC%A6%9D%5DAMR%20%EC%A0%9C%EC%96%B4%20%EA%B8%B0%EC%88%A0%20%ED%83%90%EC%83%89%20%EB%B0%8F%20%EA%B2%80%EC%A6%9D%203ed0f4c1b9cc809e8cabec53f31cb31b.csv),2026년 10월 6일,2026년 10월 6일,봉승현,2026년 10월 6일 오후 6:54,실험,Nav,2026년 10월 6일 오후 1:58,,,정리 완료
[기술검증] vision 모델 추가 비교 — Web Cam,[기술검증]Vision 모델 활용과 성능 평가 방법 이해 (%EC%9D%B4%EC%8A%88%20&%20To-do%20%ED%8A%B8%EB%9E%98%EC%BB%A4/%5B%EA%B8%B0%EC%88%A0%EA%B2%80%EC%A6%9D%5DVision%20%EB%AA%A8%EB%8D%B8%20%ED%99%9C%EC%9A%A9%EA%B3%BC%20%EC%84%B1%EB%8A%A5%20%ED%8F%89%EA%B0%80%20%EB%B0%A9%EB%B2%95%20%EC%9D%B4%ED%95%B4%203ed0f4c1b9cc80c68987d8779a03f04e.csv),2026년 10월 6일,,"09180_이원호, 민서 김",2026년 10월 6일 오후 4:09,실험,Vision,2026년 10월 6일 오후 2:11,,,작성 중
[기술검증]Nav2 제어,,2026년 10월 6일,,,2026년 10월 7일 오전 11:11,실험,Nav,2026년 10월 6일 오후 6:12,,,검토 필요
[기술검증]tf transform,,2026년 10월 6일,2026년 10월 6일,민서 김,2026년 10월 7일 오전 9:44,실험,ROS2,2026년 10월 6일 오후 6:32,,,검토 필요
[기술검증]Depth transform 성능 검증,,2026년 10월 6일,2026년 10월 6일,봉승현,2026년 10월 7일 오전 11:11,실험,"Nav, Vision",2026년 10월 6일 오후 8:22,,,검토 필요
[트러블슈팅]Navigation,,,,,2026년 10월 7일 오전 9:35,트러블슈팅,ROS2,2026년 10월 7일 오전 8:29,,,작성 중