내용,관련 회의록,기간,담당자,상태
개발 환경 구축,,2026년 10월 1일,"sj b, 09180_이원호, 봉승현, 민서 김",완료
기술 검증,,2026년 10월 2일 → 2026년 10월 6일,,진행 중
MINI 프로젝트,,2026년 10월 2일 → 2026년 10월 7일,"봉승현, 민서 김, sj b, 09180_이원호",진행 중
FINAL 프로젝트 기술검증,,2026년 10월 8일,"봉승현, 민서 김, sj b, 09180_이원호",시작 전
발표 준비,,2026년 10월 13일 → 2026년 10월 15일,,시작 전
시연,,2026년 10월 15일,,시작 전
발표,,2026년 10월 16일,,시작 전
비즈니스 요구서 작성,,2026년 10월 1일 → 2026년 10월 5일,,진행 중
모듈 단위 개발,,2026년 10월 8일 → 2026년 10월 12일,"봉승현, 민서 김, sj b, 09180_이원호",시작 전
통합,,,,시작 전
시스템 요구서 작성,,2026년 10월 5일 → 2026년 10월 7일,,시작 전