time_unix,behavior,reason,boo_x,boo_y,pum_x,pum_y,gap_m
1791637414.816,PATROL,순찰 목표 연속 실패,-3.052,-3.347,-1.358,1.335,4.979
1791637414.961,PATROL,순찰 목표 연속 실패,-3.052,-3.347,-1.358,1.335,4.979
1791637415.114,PATROL,순찰 목표 연속 실패,-3.052,-3.347,-1.358,1.335,4.979
1791637415.248,PATROL,순찰 목표 연속 실패,-3.052,-3.347,-1.358,1.335,4.979
1791637415.438,PATROL,순찰 목표 연속 실패,-3.052,-3.347,-1.358,1.335,4.979
1791637415.575,PATROL,순찰 목표 연속 실패,-3.052,-3.347,-1.358,1.335,4.979
1791637415.715,PATROL,순찰 목표 연속 실패,-3.052,-3.347,-1.358,1.335,4.979
1791637415.860,PATROL,순찰 목표 연속 실패,-3.052,-3.347,-1.358,1.335,4.979
1791637415.996,PATROL,순찰 목표 연속 실패,-3.052,-3.347,-1.358,1.335,4.979
1791637416.137,PATROL,순찰 목표 연속 실패,-3.052,-3.347,-1.358,1.335,4.979
1791637416.282,PATROL,순찰 목표 연속 실패,-3.052,-3.347,-1.358,1.335,4.979
1791637416.452,PATROL,순찰 목표 연속 실패,-3.052,-3.347,-1.358,1.335,4.979
1791637416.619,PATROL,순찰 목표 연속 실패,-3.052,-3.347,-1.358,1.335,4.979
1791637416.784,PATROL,순찰 목표 연속 실패,-3.052,-3.347,-1.358,1.335,4.979
1791637416.936,PATROL,순찰 목표 연속 실패,-3.052,-3.347,-1.358,1.335,4.979
1791637417.074,PATROL,순찰 목표 연속 실패,-3.052,-3.347,-1.358,1.335,4.979
1791637417.231,PATROL,순찰 목표 연속 실패,-3.052,-3.347,-1.358,1.335,4.979
1791637417.404,PATROL,순찰 목표 연속 실패,-3.052,-3.347,-1.358,1.335,4.979
1791637417.556,PATROL,순찰 목표 연속 실패,-3.052,-3.347,-1.358,1.335,4.979
1791637417.715,PATROL,순찰 목표 연속 실패,-3.052,-3.347,-1.358,1.335,4.979
1791637417.866,PATROL,순찰 목표 연속 실패,-3.052,-3.347,-1.358,1.335,4.979
1791637418.003,PATROL,순찰 목표 연속 실패,-3.052,-3.347,-1.585,1.113,4.695
1791637418.142,PATROL,순찰 목표 연속 실패,-3.061,-3.090,-1.585,1.113,4.455
1791637418.295,PATROL,순찰 목표 연속 실패,-3.061,-3.090,-1.585,1.113,4.455
1791637418.453,PATROL,순찰 목표 연속 실패,-3.061,-3.090,-1.585,1.113,4.455
1791637418.612,PATROL,순찰 목표 연속 실패,-3.061,-3.090,-1.585,1.113,4.455
1791637418.768,PATROL,순찰 목표 연속 실패,-3.061,-3.090,-1.585,1.113,4.455
1791637418.913,PATROL,순찰 목표 연속 실패,-3.061,-3.090,-1.585,1.113,4.455
1791637419.075,PATROL,순찰 목표 연속 실패,-3.061,-3.090,-1.585,1.113,4.455
1791637419.227,PATROL,순찰 목표 연속 실패,-3.061,-3.090,-1.585,1.113,4.455
1791637419.382,PATROL,순찰 목표 연속 실패,-3.061,-3.090,-1.585,1.113,4.455
1791637419.569,PATROL,순찰 목표 연속 실패,-3.061,-3.090,-1.585,1.113,4.455
1791637419.720,PATROL,순찰 목표 연속 실패,-3.061,-3.090,-1.585,1.113,4.455
1791637419.866,PATROL,순찰 목표 연속 실패,-3.061,-3.090,-1.585,1.113,4.455
1791637420.027,PATROL,순찰 목표 연속 실패,-3.061,-3.090,-1.585,1.113,4.455
1791637420.178,PATROL,순찰 목표 연속 실패,-3.061,-3.090,-1.585,1.113,4.455
1791637420.314,PATROL,순찰 목표 연속 실패,-3.061,-3.090,-1.585,1.113,4.455
1791637420.507,PATROL,순찰 목표 연속 실패,-3.061,-3.090,-1.585,1.113,4.455
1791637420.670,PATROL,순찰 목표 연속 실패,-3.061,-3.090,-1.585,1.113,4.455
1791637420.824,PATROL,순찰 목표 연속 실패,-3.061,-3.090,-1.754,0.953,4.250
1791637420.981,PATROL,순찰 목표 연속 실패,-3.061,-3.090,-1.754,0.953,4.250
1791637421.138,PATROL,순찰 목표 연속 실패,-3.061,-3.090,-1.754,0.953,4.250
1791637421.268,PATROL,순찰 목표 연속 실패,-3.061,-3.090,-1.754,0.953,4.250
1791637421.430,PATROL,순찰 목표 연속 실패,-3.061,-3.090,-1.754,0.953,4.250
1791637421.593,PATROL,순찰 목표 연속 실패,-3.040,-2.841,-1.754,0.953,4.007
1791637421.747,PATROL,순찰 목표 연속 실패,-3.040,-2.841,-1.754,0.953,4.007
1791637421.889,PATROL,순찰 목표 연속 실패,-3.040,-2.841,-1.754,0.953,4.007
1791637422.056,PATROL,순찰 목표 연속 실패,-3.040,-2.841,-1.754,0.953,4.007
1791637422.197,PATROL,순찰 목표 연속 실패,-3.040,-2.841,-1.754,0.953,4.007
1791637422.352,PATROL,순찰 목표 연속 실패,-3.040,-2.841,-1.754,0.953,4.007
1791637422.540,PATROL,순찰 목표 연속 실패,-3.040,-2.841,-1.754,0.953,4.007
1791637422.711,PATROL,순찰 목표 연속 실패,-3.040,-2.841,-1.754,0.953,4.007
1791637422.863,PATROL,순찰 목표 연속 실패,-3.040,-2.841,-1.754,0.953,4.007
1791637423.011,PATROL,순찰 목표 연속 실패,-3.040,-2.841,-1.754,0.953,4.007
1791637423.148,PATROL,순찰 목표 연속 실패,-3.040,-2.841,-1.754,0.953,4.007
1791637423.302,PATROL,순찰 목표 연속 실패,-3.040,-2.841,-1.754,0.953,4.007
1791637423.508,PATROL,순찰 목표 연속 실패,-3.040,-2.841,-1.908,0.836,3.848
1791637423.660,PATROL,순찰 목표 연속 실패,-3.040,-2.841,-1.908,0.836,3.848
1791637423.814,PATROL,순찰 목표 연속 실패,-3.040,-2.841,-1.908,0.836,3.848
1791637423.964,PATROL,순찰 목표 연속 실패,-3.040,-2.841,-1.908,0.836,3.848
1791637424.104,PATROL,순찰 목표 연속 실패,-3.040,-2.841,-1.908,0.836,3.848
1791637424.269,PATROL,순찰 목표 연속 실패,-3.040,-2.841,-1.908,0.836,3.848
1791637424.425,PATROL,순찰 목표 연속 실패,-3.040,-2.841,-1.908,0.836,3.848
1791637424.567,PATROL,순찰 목표 연속 실패,-3.040,-2.841,-1.908,0.836,3.848
1791637424.730,PATROL,순찰 목표 연속 실패,-3.040,-2.841,-1.908,0.836,3.848
1791637424.886,PATROL,순찰 목표 연속 실패,-3.040,-2.841,-1.908,0.836,3.848
1791637425.039,PATROL,순찰 목표 연속 실패,-3.035,-2.597,-1.908,0.836,3.614
1791637425.194,PATROL,순찰 목표 연속 실패,-3.035,-2.597,-1.908,0.836,3.614
1791637425.357,PATROL,순찰 목표 연속 실패,-3.035,-2.597,-1.908,0.836,3.614
1791637425.493,PATROL,순찰 목표 연속 실패,-3.035,-2.597,-1.908,0.836,3.614
1791637425.681,PATROL,순찰 목표 연속 실패,-3.035,-2.597,-1.908,0.836,3.614
1791637425.861,PATROL,순찰 목표 연속 실패,-3.035,-2.597,-1.908,0.836,3.614
1791637426.010,PATROL,순찰 목표 연속 실패,-3.035,-2.597,-1.908,0.836,3.614
1791637426.152,PATROL,순찰 목표 연속 실패,-3.035,-2.597,-1.908,0.836,3.614
1791637426.313,PATROL,순찰 목표 연속 실패,-3.035,-2.597,-1.908,0.836,3.614
1791637426.469,PATROL,순찰 목표 연속 실패,-3.035,-2.597,-1.908,0.836,3.614
1791637426.640,PATROL,순찰 목표 연속 실패,-3.035,-2.597,-1.908,0.836,3.614
1791637426.795,PATROL,순찰 목표 연속 실패,-3.035,-2.597,-1.908,0.836,3.614
1791637426.943,PATROL,순찰 목표 연속 실패,-3.035,-2.597,-1.908,0.836,3.614
1791637427.094,PATROL,순찰 목표 연속 실패,-3.035,-2.597,-2.133,0.620,3.342
1791637427.243,PATROL,순찰 목표 연속 실패,-3.035,-2.597,-2.133,0.620,3.342
1791637427.387,PATROL,순찰 목표 연속 실패,-3.035,-2.597,-2.133,0.620,3.342
1791637427.526,PATROL,순찰 목표 연속 실패,-3.035,-2.597,-2.133,0.620,3.342
1791637427.699,PATROL,순찰 목표 연속 실패,-3.035,-2.597,-2.133,0.620,3.342
1791637427.843,PATROL,순찰 목표 연속 실패,-3.035,-2.597,-2.133,0.620,3.342
1791637427.989,PATROL,순찰 목표 연속 실패,-3.035,-2.597,-2.133,0.620,3.342
1791637428.137,PATROL,순찰 목표 연속 실패,-3.035,-2.597,-2.133,0.620,3.342
1791637428.284,PATROL,순찰 목표 연속 실패,-3.035,-2.597,-2.133,0.620,3.342
1791637428.449,PATROL,순찰 목표 연속 실패,-3.035,-2.597,-2.133,0.620,3.342
1791637428.630,PATROL,순찰 목표 연속 실패,-3.051,-2.355,-2.133,0.620,3.113
1791637428.769,PATROL,순찰 목표 연속 실패,-3.051,-2.355,-2.133,0.620,3.113
1791637428.914,PATROL,순찰 목표 연속 실패,-3.051,-2.355,-2.133,0.620,3.113
1791637429.091,PATROL,순찰 목표 연속 실패,-3.051,-2.355,-2.133,0.620,3.113
1791637429.238,PATROL,순찰 목표 연속 실패,-3.051,-2.355,-2.133,0.620,3.113
1791637429.408,PATROL,순찰 목표 연속 실패,-3.051,-2.355,-2.133,0.620,3.113
1791637429.558,PATROL,순찰 목표 연속 실패,-3.051,-2.355,-2.133,0.620,3.113
1791637429.725,PATROL,순찰 목표 연속 실패,-3.051,-2.355,-2.133,0.620,3.113
1791637429.869,PATROL,순찰 목표 연속 실패,-3.051,-2.355,-2.133,0.620,3.113
1791637430.043,PATROL,순찰 목표 연속 실패,-3.051,-2.355,-2.133,0.620,3.113
1791637430.184,PATROL,순찰 목표 연속 실패,-3.051,-2.355,-2.133,0.620,3.113
1791637430.322,PATROL,순찰 목표 연속 실패,-3.051,-2.355,-2.133,0.620,3.113
1791637430.461,PATROL,순찰 목표 연속 실패,-3.051,-2.355,-2.133,0.620,3.113
1791637430.617,PATROL,순찰 목표 연속 실패,-3.051,-2.355,-2.346,0.424,2.867
1791637430.771,PATROL,순찰 목표 연속 실패,-3.051,-2.355,-2.346,0.424,2.867
1791637430.932,PATROL,순찰 목표 연속 실패,-3.051,-2.355,-2.346,0.424,2.867
1791637431.063,PATROL,순찰 목표 연속 실패,-3.051,-2.355,-2.346,0.424,2.867
1791637431.197,PATROL,순찰 목표 연속 실패,-3.051,-2.355,-2.346,0.424,2.867
1791637431.366,PATROL,순찰 목표 연속 실패,-3.051,-2.355,-2.346,0.424,2.867
1791637431.522,PATROL,순찰 목표 연속 실패,-3.051,-2.355,-2.346,0.424,2.867
1791637431.712,PATROL,순찰 목표 연속 실패,-3.051,-2.355,-2.346,0.424,2.867
1791637431.869,PATROL,순찰 목표 연속 실패,-3.051,-2.355,-2.346,0.424,2.867
1791637432.007,PATROL,순찰 목표 연속 실패,-3.056,-2.141,-2.346,0.424,2.661
1791637432.153,PATROL,순찰 목표 연속 실패,-3.056,-2.141,-2.346,0.424,2.661
1791637432.303,PATROL,순찰 목표 연속 실패,-3.056,-2.141,-2.346,0.424,2.661
1791637432.461,PATROL,순찰 목표 연속 실패,-3.056,-2.141,-2.346,0.424,2.661
1791637432.608,PATROL,순찰 목표 연속 실패,-3.056,-2.141,-2.346,0.424,2.661
1791637432.769,PATROL,순찰 목표 연속 실패,-3.056,-2.141,-2.346,0.424,2.661
1791637432.926,PATROL,순찰 목표 연속 실패,-3.056,-2.141,-2.346,0.424,2.661
1791637433.070,PATROL,순찰 목표 연속 실패,-3.056,-2.141,-2.346,0.424,2.661
1791637433.214,PATROL,순찰 목표 연속 실패,-3.056,-2.141,-2.505,0.289,2.492
1791637433.356,SUSPECT,펌킨 발견,-3.056,-2.141,-2.505,0.289,2.492
1791637433.512,SUSPECT,펌킨 발견,-3.056,-2.141,-2.505,0.289,2.492
1791637433.678,SUSPECT,펌킨 발견,-3.056,-2.141,-2.505,0.289,2.492
1791637433.825,SUSPECT,펌킨 발견,-3.056,-2.141,-2.505,0.289,2.492
1791637433.976,SUSPECT,펌킨 발견,-3.056,-2.141,-2.505,0.289,2.492
1791637434.123,SUSPECT,펌킨 발견,-3.056,-2.141,-2.505,0.289,2.492
1791637434.266,SUSPECT,펌킨 발견,-3.056,-2.141,-2.505,0.289,2.492
1791637434.429,SUSPECT,펌킨 발견,-3.056,-2.141,-2.505,0.289,2.492
1791637434.572,SUSPECT,펌킨 발견,-3.056,-2.141,-2.505,0.289,2.492
1791637434.732,SUSPECT,펌킨 발견,-3.056,-2.141,-2.505,0.289,2.492
1791637434.887,SUSPECT,펌킨 발견,-3.056,-2.141,-2.505,0.289,2.492
1791637435.029,SUSPECT,펌킨 발견,-3.056,-2.141,-2.505,0.289,2.492
1791637435.182,SUSPECT,펌킨 발견,-3.056,-2.141,-2.505,0.289,2.492
1791637435.336,SUSPECT,펌킨 발견,-3.056,-2.141,-2.505,0.289,2.492
1791637435.514,SUSPECT,펌킨 발견,-3.056,-2.141,-2.505,0.289,2.492
1791637435.658,SUSPECT,펌킨 발견,-3.056,-2.141,-2.505,0.289,2.492
1791637435.820,SUSPECT,펌킨 발견,-3.056,-2.141,-2.505,0.289,2.492
1791637435.953,SUSPECT,펌킨 발견,-3.056,-2.141,-2.505,0.289,2.492
1791637436.094,SUSPECT,펌킨 발견,-3.056,-2.141,-2.657,0.116,2.292
1791637436.243,SUSPECT,펌킨 발견,-3.056,-2.141,-2.657,0.116,2.292
1791637436.383,SUSPECT,펌킨 발견,-3.056,-2.141,-2.657,0.116,2.292
1791637436.545,SUSPECT,펌킨 발견,-3.056,-2.141,-2.657,0.116,2.292
1791637436.699,SUSPECT,펌킨 발견,-3.056,-2.141,-2.657,0.116,2.292
1791637436.838,SUSPECT,펌킨 발견,-3.056,-2.141,-2.657,0.116,2.292
1791637436.978,SUSPECT,펌킨 발견,-3.056,-2.141,-2.657,0.116,2.292
1791637437.132,SUSPECT,펌킨 발견,-3.056,-2.141,-2.657,0.116,2.292
1791637437.292,SUSPECT,펌킨 발견,-3.056,-2.141,-2.657,0.116,2.292
1791637437.437,SUSPECT,펌킨 발견,-3.056,-2.141,-2.657,0.116,2.292
1791637437.581,SUSPECT,펌킨 발견,-3.056,-2.141,-2.657,0.116,2.292
1791637437.766,SUSPECT,펌킨 발견,-3.056,-2.141,-2.752,0.051,2.213
1791637437.923,CHASE,의심 게이지 가득,-3.056,-2.141,-2.752,0.051,2.213
1791637438.086,CHASE,의심 게이지 가득,-3.056,-2.141,-2.752,0.051,2.213
1791637438.246,CHASE,의심 게이지 가득,-3.056,-2.141,-2.752,0.051,2.213
1791637438.407,CHASE,의심 게이지 가득,-3.056,-2.141,-2.752,0.051,2.213
1791637438.553,CHASE,의심 게이지 가득,-3.056,-2.141,-2.752,0.051,2.213
1791637438.707,CHASE,의심 게이지 가득,-3.056,-2.141,-2.752,0.051,2.213
1791637438.873,CHASE,의심 게이지 가득,-3.056,-2.141,-2.752,0.051,2.213
1791637439.037,CHASE,의심 게이지 가득,-3.056,-2.141,-2.752,0.051,2.213
1791637439.179,CHASE,의심 게이지 가득,-3.056,-2.141,-2.752,0.051,2.213
1791637439.316,CHASE,의심 게이지 가득,-3.056,-2.141,-2.752,0.051,2.213
1791637439.482,CHASE,의심 게이지 가득,-3.056,-2.141,-2.752,0.051,2.213
1791637439.637,CHASE,의심 게이지 가득,-3.056,-2.141,-2.752,0.051,2.213
1791637439.812,CHASE,의심 게이지 가득,-3.056,-2.141,-2.752,0.051,2.213
1791637439.966,CHASE,의심 게이지 가득,-3.045,-1.910,-2.752,0.051,1.983
1791637440.110,CHASE,의심 게이지 가득,-3.045,-1.910,-2.752,0.051,1.983
1791637440.252,CHASE,의심 게이지 가득,-3.045,-1.910,-2.752,0.051,1.983
1791637440.436,CHASE,의심 게이지 가득,-3.045,-1.910,-2.752,0.051,1.983
1791637440.599,CHASE,의심 게이지 가득,-3.045,-1.910,-2.752,0.051,1.983
1791637440.754,CHASE,의심 게이지 가득,-3.045,-1.910,-2.752,0.051,1.983
1791637440.902,CHASE,의심 게이지 가득,-3.045,-1.910,-2.752,0.051,1.983
1791637441.064,CHASE,의심 게이지 가득,-3.045,-1.910,-2.752,0.051,1.983
1791637441.217,CHASE,의심 게이지 가득,-3.045,-1.910,-2.752,0.051,1.983
1791637441.383,CHASE,의심 게이지 가득,-3.045,-1.910,-2.752,0.051,1.983
1791637441.543,CHASE,의심 게이지 가득,-3.045,-1.910,-2.933,-0.136,1.777
1791637441.692,CHASE,의심 게이지 가득,-3.045,-1.910,-2.933,-0.136,1.777
1791637441.859,CHASE,의심 게이지 가득,-3.045,-1.910,-2.933,-0.136,1.777
1791637442.012,CHASE,의심 게이지 가득,-3.045,-1.910,-2.933,-0.136,1.777
1791637442.157,CHASE,의심 게이지 가득,-3.045,-1.910,-2.933,-0.136,1.777
1791637442.311,CHASE,의심 게이지 가득,-3.045,-1.910,-2.933,-0.136,1.777
1791637442.468,CHASE,의심 게이지 가득,-3.045,-1.910,-2.933,-0.136,1.777
1791637442.599,CHASE,의심 게이지 가득,-3.045,-1.910,-2.933,-0.136,1.777
1791637442.766,CHASE,의심 게이지 가득,-3.045,-1.910,-2.933,-0.136,1.777
1791637442.930,CHASE,의심 게이지 가득,-3.045,-1.910,-2.933,-0.136,1.777
1791637443.075,CHASE,의심 게이지 가득,-3.045,-1.910,-2.933,-0.136,1.777
1791637443.230,CHASE,의심 게이지 가득,-3.045,-1.910,-2.933,-0.136,1.777
1791637443.386,CHASE,의심 게이지 가득,-3.032,-1.662,-2.933,-0.136,1.529
1791637443.542,CHASE,의심 게이지 가득,-3.032,-1.662,-2.933,-0.136,1.529
1791637443.705,CHASE,의심 게이지 가득,-3.032,-1.662,-2.933,-0.136,1.529
1791637443.868,CHASE,의심 게이지 가득,-3.032,-1.662,-2.933,-0.136,1.529
1791637444.011,CHASE,의심 게이지 가득,-3.032,-1.662,-2.933,-0.136,1.529
1791637444.162,CHASE,의심 게이지 가득,-3.032,-1.662,-2.933,-0.136,1.529
1791637444.324,CHASE,의심 게이지 가득,-3.032,-1.662,-2.933,-0.136,1.529
1791637444.475,CHASE,의심 게이지 가득,-3.032,-1.662,-2.933,-0.136,1.529
1791637444.633,CHASE,의심 게이지 가득,-3.032,-1.662,-2.933,-0.136,1.529
1791637444.801,CHASE,의심 게이지 가득,-3.032,-1.662,-2.933,-0.136,1.529
1791637444.929,CHASE,의심 게이지 가득,-3.032,-1.662,-2.933,-0.136,1.529
1791637445.073,CHASE,의심 게이지 가득,-3.032,-1.662,-2.933,-0.136,1.529
1791637445.224,CHASE,의심 게이지 가득,-3.032,-1.662,-2.933,-0.136,1.529
1791637445.359,CHASE,의심 게이지 가득,-3.032,-1.662,-2.933,-0.136,1.529
1791637445.526,CHASE,의심 게이지 가득,-3.032,-1.662,-2.933,-0.136,1.529
1791637445.673,CHASE,의심 게이지 가득,-3.032,-1.662,-2.933,-0.136,1.529
1791637445.816,CHASE,의심 게이지 가득,-3.032,-1.662,-2.933,-0.136,1.529
1791637445.959,CHASE,의심 게이지 가득,-3.032,-1.662,-2.933,-0.136,1.529
1791637446.112,CHASE,의심 게이지 가득,-3.032,-1.662,-2.933,-0.136,1.529
1791637446.250,CHASE,의심 게이지 가득,-3.032,-1.662,-2.933,-0.136,1.529
1791637446.409,CHASE,의심 게이지 가득,-3.032,-1.662,-2.933,-0.136,1.529
1791637446.570,CHASE,의심 게이지 가득,-3.032,-1.662,-2.933,-0.136,1.529
1791637446.733,CHASE,의심 게이지 가득,-3.032,-1.662,-2.933,-0.136,1.529
1791637446.897,CHASE,의심 게이지 가득,-3.013,-1.409,-2.933,-0.136,1.275
1791637447.047,CHASE,의심 게이지 가득,-3.013,-1.409,-2.933,-0.136,1.275
1791637447.210,CHASE,의심 게이지 가득,-3.013,-1.409,-2.933,-0.136,1.275
1791637447.362,CHASE,의심 게이지 가득,-3.013,-1.409,-2.933,-0.136,1.275
1791637447.507,CHASE,의심 게이지 가득,-3.013,-1.409,-2.933,-0.136,1.275
1791637447.664,CHASE,의심 게이지 가득,-3.013,-1.409,-2.933,-0.136,1.275
1791637447.808,CHASE,의심 게이지 가득,-3.013,-1.409,-2.933,-0.136,1.275
1791637447.970,CHASE,의심 게이지 가득,-3.013,-1.409,-2.933,-0.136,1.275
1791637448.116,CHASE,의심 게이지 가득,-3.013,-1.409,-2.933,-0.136,1.275
1791637448.252,CHASE,의심 게이지 가득,-3.013,-1.409,-2.933,-0.136,1.275
1791637448.406,CHASE,의심 게이지 가득,-3.013,-1.409,-2.933,-0.136,1.275
1791637448.544,CHASE,의심 게이지 가득,-3.013,-1.409,-2.933,-0.136,1.275
1791637448.695,CHASE,의심 게이지 가득,-3.013,-1.409,-2.933,-0.136,1.275
1791637448.863,CHASE,의심 게이지 가득,-3.013,-1.409,-2.933,-0.136,1.275
1791637448.994,CHASE,의심 게이지 가득,-3.013,-1.409,-2.933,-0.136,1.275
1791637449.139,CHASE,의심 게이지 가득,-3.013,-1.409,-2.933,-0.136,1.275
1791637449.282,CHASE,의심 게이지 가득,-3.013,-1.409,-2.933,-0.136,1.275
1791637449.430,CHASE,의심 게이지 가득,-3.013,-1.409,-2.933,-0.136,1.275
1791637449.602,CHASE,의심 게이지 가득,-3.013,-1.409,-2.933,-0.136,1.275
1791637449.760,CHASE,의심 게이지 가득,-3.013,-1.409,-2.933,-0.136,1.275
1791637449.919,CHASE,의심 게이지 가득,-3.013,-1.409,-2.933,-0.136,1.275
1791637450.071,CHASE,의심 게이지 가득,-3.013,-1.409,-2.933,-0.136,1.275
1791637450.230,CHASE,의심 게이지 가득,-2.974,-1.162,-2.933,-0.136,1.026
1791637450.393,CHASE,의심 게이지 가득,-2.974,-1.162,-2.933,-0.136,1.026
1791637450.554,CHASE,의심 게이지 가득,-2.974,-1.162,-2.933,-0.136,1.026
1791637450.706,CHASE,의심 게이지 가득,-2.974,-1.162,-2.933,-0.136,1.026
1791637450.851,CHASE,의심 게이지 가득,-2.974,-1.162,-2.933,-0.136,1.026
1791637451.026,CHASE,의심 게이지 가득,-2.974,-1.162,-2.933,-0.136,1.026
1791637451.180,CHASE,의심 게이지 가득,-2.974,-1.162,-2.933,-0.136,1.026
1791637451.331,CHASE,의심 게이지 가득,-2.974,-1.162,-2.933,-0.136,1.026
1791637451.465,CHASE,의심 게이지 가득,-2.974,-1.162,-2.933,-0.136,1.026
1791637451.633,CHASE,의심 게이지 가득,-2.974,-1.162,-2.933,-0.136,1.026
1791637451.780,CHASE,의심 게이지 가득,-2.974,-1.162,-2.933,-0.136,1.026
1791637451.956,CHASE,의심 게이지 가득,-2.974,-1.162,-2.933,-0.136,1.026
1791637452.115,CHASE,의심 게이지 가득,-2.974,-1.162,-2.933,-0.136,1.026
1791637452.259,CHASE,의심 게이지 가득,-2.974,-1.162,-2.933,-0.136,1.026
1791637452.410,CHASE,의심 게이지 가득,-2.974,-1.162,-2.933,-0.136,1.026
1791637452.570,CHASE,의심 게이지 가득,-2.974,-1.162,-2.933,-0.136,1.026
1791637452.741,CHASE,의심 게이지 가득,-2.974,-1.162,-2.933,-0.136,1.026
1791637452.902,CHASE,의심 게이지 가득,-2.974,-1.162,-2.933,-0.136,1.026
1791637453.053,CHASE,의심 게이지 가득,-2.974,-1.162,-2.933,-0.136,1.026
1791637453.219,CHASE,의심 게이지 가득,-2.974,-1.162,-2.933,-0.136,1.026
1791637453.374,CHASE,의심 게이지 가득,-2.974,-1.162,-2.933,-0.136,1.026
1791637453.528,CHASE,의심 게이지 가득,-2.974,-1.162,-2.933,-0.136,1.026
1791637453.687,CHASE,의심 게이지 가득,-2.974,-1.162,-2.933,-0.136,1.026
1791637453.856,CHASE,의심 게이지 가득,-2.982,-0.902,-2.933,-0.136,0.767
1791637454.011,CHASE,의심 게이지 가득,-2.982,-0.902,-2.933,-0.136,0.767
1791637454.151,CHASE,의심 게이지 가득,-2.982,-0.902,-2.933,-0.136,0.767
1791637454.303,CHASE,의심 게이지 가득,-2.982,-0.902,-2.933,-0.136,0.767
1791637454.456,CHASE,의심 게이지 가득,-2.982,-0.902,-2.933,-0.136,0.767
1791637454.602,CHASE,의심 게이지 가득,-2.982,-0.902,-2.933,-0.136,0.767
1791637454.748,CHASE,의심 게이지 가득,-2.982,-0.902,-2.933,-0.136,0.767
1791637454.900,CHASE,의심 게이지 가득,-2.982,-0.902,-2.933,-0.136,0.767
1791637455.057,CHASE,의심 게이지 가득,-2.982,-0.902,-2.933,-0.136,0.767
1791637455.221,CHASE,의심 게이지 가득,-2.982,-0.902,-2.933,-0.136,0.767
1791637455.366,CHASE,의심 게이지 가득,-2.982,-0.902,-2.933,-0.136,0.767
1791637455.506,CHASE,의심 게이지 가득,-2.982,-0.902,-2.933,-0.136,0.767
1791637455.660,CHASE,의심 게이지 가득,-2.982,-0.902,-2.933,-0.136,0.767
1791637455.824,CHASE,의심 게이지 가득,-2.982,-0.902,-2.933,-0.136,0.767
1791637455.987,CHASE,의심 게이지 가득,-2.982,-0.902,-2.933,-0.136,0.767
1791637456.138,CHASE,의심 게이지 가득,-2.982,-0.902,-2.933,-0.136,0.767
1791637456.295,CHASE,의심 게이지 가득,-2.982,-0.902,-2.933,-0.136,0.767
1791637456.447,CHASE,의심 게이지 가득,-2.982,-0.902,-2.933,-0.136,0.767
1791637456.610,CHASE,의심 게이지 가득,-2.982,-0.902,-2.933,-0.136,0.767
1791637456.768,CHASE,의심 게이지 가득,-2.982,-0.902,-2.933,-0.136,0.767
1791637456.919,CHASE,의심 게이지 가득,-2.982,-0.902,-2.933,-0.136,0.767
1791637457.082,CHASE,의심 게이지 가득,-2.982,-0.902,-2.933,-0.136,0.767
1791637457.224,CHASE,의심 게이지 가득,-2.975,-0.659,-2.933,-0.136,0.524
1791637457.368,CHASE,의심 게이지 가득,-2.975,-0.659,-2.933,-0.136,0.524
1791637457.541,CHASE,의심 게이지 가득,-2.975,-0.659,-2.933,-0.136,0.524
1791637457.693,CHASE,의심 게이지 가득,-2.975,-0.659,-2.933,-0.136,0.524
1791637457.841,CHASE,의심 게이지 가득,-2.975,-0.659,-2.933,-0.136,0.524
1791637457.999,CHASE,의심 게이지 가득,-2.975,-0.659,-2.933,-0.136,0.524
1791637458.141,CHASE,의심 게이지 가득,-2.975,-0.659,-2.933,-0.136,0.524
1791637458.293,CHASE,의심 게이지 가득,-2.975,-0.659,-2.933,-0.136,0.524
1791637458.452,CHASE,의심 게이지 가득,-2.975,-0.659,-2.933,-0.136,0.524
1791637458.611,CHASE,의심 게이지 가득,-2.975,-0.659,-2.933,-0.136,0.524
1791637458.785,CHASE,의심 게이지 가득,-2.975,-0.659,-2.933,-0.136,0.524
1791637458.935,CHASE,의심 게이지 가득,-2.975,-0.659,-2.933,-0.136,0.524
1791637459.096,CHASE,의심 게이지 가득,-2.975,-0.659,-2.933,-0.136,0.524
1791637459.259,CHASE,의심 게이지 가득,-2.975,-0.659,-2.933,-0.136,0.524
1791637459.429,CHASE,의심 게이지 가득,-2.975,-0.659,-2.933,-0.136,0.524
1791637459.569,CHASE,의심 게이지 가득,-2.975,-0.659,-2.933,-0.136,0.524
1791637459.717,CHASE,의심 게이지 가득,-2.975,-0.659,-2.933,-0.136,0.524
1791637459.862,CHASE,의심 게이지 가득,-2.975,-0.659,-2.933,-0.136,0.524
1791637460.024,CHASE,의심 게이지 가득,-2.975,-0.659,-2.933,-0.136,0.524
1791637460.165,CHASE,의심 게이지 가득,-2.975,-0.659,-2.933,-0.136,0.524
1791637460.315,CHASE,의심 게이지 가득,-2.975,-0.659,-2.933,-0.136,0.524
1791637460.458,CHASE,의심 게이지 가득,-2.975,-0.659,-2.933,-0.136,0.524
1791637460.591,CHASE,의심 게이지 가득,-2.975,-0.659,-2.933,-0.136,0.524
1791637460.752,CHASE,의심 게이지 가득,-2.975,-0.659,-2.933,-0.136,0.524
1791637460.904,CHASE,의심 게이지 가득,-2.975,-0.659,-2.933,-0.136,0.524
1791637461.039,CHASE,의심 게이지 가득,-2.975,-0.659,-2.933,-0.136,0.524
1791637461.185,CHASE,의심 게이지 가득,-2.975,-0.659,-2.933,-0.136,0.524
1791637461.335,CHASE,의심 게이지 가득,-2.975,-0.659,-2.933,-0.136,0.524
1791637461.483,CHASE,의심 게이지 가득,-2.975,-0.659,-2.933,-0.136,0.524
1791637461.647,CHASE,의심 게이지 가득,-2.975,-0.659,-2.933,-0.136,0.524
1791637461.804,CHASE,의심 게이지 가득,-2.975,-0.659,-2.933,-0.136,0.524
1791637461.934,CHASE,의심 게이지 가득,-2.975,-0.659,-2.933,-0.136,0.524
1791637462.097,CHASE,의심 게이지 가득,-2.975,-0.659,-2.933,-0.136,0.524
1791637462.248,CHASE,의심 게이지 가득,-2.975,-0.659,-2.933,-0.136,0.524
1791637462.404,CHASE,의심 게이지 가득,-2.975,-0.659,-2.933,-0.136,0.524
1791637462.556,CHASE,의심 게이지 가득,-2.975,-0.659,-2.933,-0.136,0.524
1791637462.715,CHASE,의심 게이지 가득,-2.975,-0.659,-2.933,-0.136,0.524
1791637462.869,CHASE,의심 게이지 가득,-2.975,-0.659,-2.933,-0.136,0.524
1791637463.015,CHASE,의심 게이지 가득,-2.975,-0.659,-2.933,-0.136,0.524
1791637463.180,CHASE,의심 게이지 가득,-2.975,-0.659,-2.933,-0.136,0.524
1791637463.327,CHASE,의심 게이지 가득,-2.975,-0.659,-2.933,-0.136,0.524
1791637463.472,CHASE,의심 게이지 가득,-2.975,-0.659,-2.933,-0.136,0.524
1791637463.617,CHASE,의심 게이지 가득,-2.975,-0.659,-2.933,-0.136,0.524
1791637463.765,CHASE,의심 게이지 가득,-2.975,-0.659,-2.933,-0.136,0.524
1791637463.908,CHASE,의심 게이지 가득,-2.975,-0.659,-2.933,-0.136,0.524
1791637464.083,CHASE,의심 게이지 가득,-2.975,-0.659,-2.933,-0.136,0.524
1791637464.228,CHASE,의심 게이지 가득,-2.975,-0.659,-2.933,-0.136,0.524
1791637464.372,CHASE,의심 게이지 가득,-2.975,-0.659,-2.933,-0.136,0.524
1791637464.515,CHASE,의심 게이지 가득,-2.975,-0.659,-2.933,-0.136,0.524
1791637464.667,CHASE,의심 게이지 가득,-2.975,-0.659,-2.933,-0.136,0.524
1791637464.834,CHASE,의심 게이지 가득,-2.975,-0.659,-2.933,-0.136,0.524
1791637464.995,CHASE,의심 게이지 가득,-2.975,-0.659,-2.933,-0.136,0.524
1791637465.138,CHASE,의심 게이지 가득,-2.975,-0.659,-2.933,-0.136,0.524
1791637465.277,CHASE,의심 게이지 가득,-2.975,-0.659,-2.933,-0.136,0.524
1791637465.448,CHASE,의심 게이지 가득,-2.975,-0.659,-2.933,-0.136,0.524
1791637465.587,CHASE,의심 게이지 가득,-2.975,-0.659,-2.933,-0.136,0.524
1791637465.752,CHASE,의심 게이지 가득,-2.975,-0.659,-2.933,-0.136,0.524
1791637465.901,CHASE,의심 게이지 가득,-2.975,-0.659,-2.933,-0.136,0.524
1791637466.032,CHASE,의심 게이지 가득,-2.975,-0.659,-2.933,-0.136,0.524
1791637466.191,CHASE,의심 게이지 가득,-2.975,-0.659,-2.933,-0.136,0.524
1791637466.350,CHASE,의심 게이지 가득,-2.975,-0.659,-2.933,-0.136,0.524
1791637466.486,CHASE,의심 게이지 가득,-2.975,-0.659,-2.933,-0.136,0.524
1791637466.617,CHASE,의심 게이지 가득,-2.975,-0.659,-2.933,-0.136,0.524
1791637466.787,CHASE,의심 게이지 가득,-2.975,-0.659,-2.933,-0.136,0.524
1791637466.924,CHASE,의심 게이지 가득,-2.975,-0.659,-2.933,-0.136,0.524
1791637467.063,CHASE,의심 게이지 가득,-2.975,-0.659,-2.933,-0.136,0.524
1791637467.226,CHASE,의심 게이지 가득,-2.975,-0.659,-2.933,-0.136,0.524
1791637467.375,CHASE,의심 게이지 가득,-2.975,-0.659,-2.933,-0.136,0.524
1791637467.541,CHASE,의심 게이지 가득,-2.975,-0.659,-2.933,-0.136,0.524
1791637467.697,CHASE,의심 게이지 가득,-2.975,-0.659,-2.933,-0.136,0.524
1791637467.844,CHASE,의심 게이지 가득,-2.975,-0.659,-2.933,-0.136,0.524
1791637467.981,CHASE,의심 게이지 가득,-2.975,-0.659,-2.933,-0.136,0.524
1791637468.144,CHASE,의심 게이지 가득,-2.975,-0.659,-2.933,-0.136,0.524
1791637468.316,CHASE,의심 게이지 가득,-2.975,-0.659,-2.933,-0.136,0.524
1791637468.464,CHASE,의심 게이지 가득,-2.975,-0.659,-2.933,-0.136,0.524
1791637468.613,CHASE,의심 게이지 가득,-2.975,-0.659,-2.933,-0.136,0.524
1791637468.788,CHASE,의심 게이지 가득,-2.975,-0.659,-2.933,-0.136,0.524
1791637468.939,CHASE,의심 게이지 가득,-2.975,-0.659,-2.933,-0.136,0.524
1791637469.081,CHASE,의심 게이지 가득,-2.975,-0.659,-2.933,-0.136,0.524
1791637469.235,CHASE,의심 게이지 가득,-2.975,-0.659,-2.933,-0.136,0.524
1791637469.382,CHASE,의심 게이지 가득,-2.975,-0.659,-2.933,-0.136,0.524
1791637469.538,CHASE,의심 게이지 가득,-2.975,-0.659,-2.933,-0.136,0.524
1791637469.679,CHASE,의심 게이지 가득,-2.975,-0.659,-2.933,-0.136,0.524
1791637469.845,CHASE,의심 게이지 가득,-2.975,-0.659,-2.933,-0.136,0.524
1791637469.995,CHASE,의심 게이지 가득,-2.975,-0.659,-2.933,-0.136,0.524
1791637470.133,CHASE,의심 게이지 가득,-2.975,-0.659,-2.933,-0.136,0.524
1791637470.276,CHASE,의심 게이지 가득,-2.975,-0.659,-2.933,-0.136,0.524
1791637470.439,CHASE,의심 게이지 가득,-2.975,-0.659,-2.933,-0.136,0.524
1791637470.592,CHASE,의심 게이지 가득,-2.975,-0.659,-2.933,-0.136,0.524
1791637470.738,CHASE,의심 게이지 가득,-2.975,-0.659,-2.933,-0.136,0.524
1791637470.887,CHASE,의심 게이지 가득,-2.975,-0.659,-2.933,-0.136,0.524
1791637471.031,CHASE,의심 게이지 가득,-2.975,-0.659,-2.933,-0.136,0.524
1791637471.209,CHASE,의심 게이지 가득,-2.975,-0.659,-2.933,-0.136,0.524
1791637471.365,CHASE,의심 게이지 가득,-2.975,-0.659,-2.933,-0.136,0.524
1791637471.519,CHASE,의심 게이지 가득,-2.975,-0.659,-2.933,-0.136,0.524
1791637471.661,CHASE,의심 게이지 가득,-2.975,-0.659,-2.933,-0.136,0.524
1791637471.823,CHASE,의심 게이지 가득,-2.975,-0.659,-2.933,-0.136,0.524
1791637471.970,CHASE,의심 게이지 가득,-2.975,-0.659,-2.933,-0.136,0.524
1791637472.114,CHASE,의심 게이지 가득,-2.975,-0.659,-2.933,-0.136,0.524
1791637472.264,CHASE,의심 게이지 가득,-2.975,-0.659,-2.933,-0.136,0.524
1791637472.390,CHASE,의심 게이지 가득,-2.975,-0.659,-2.933,-0.136,0.524
1791637472.527,CHASE,의심 게이지 가득,-2.975,-0.659,-2.933,-0.136,0.524
1791637472.686,CHASE,의심 게이지 가득,-2.975,-0.659,-2.933,-0.136,0.524
1791637472.849,CHASE,의심 게이지 가득,-2.975,-0.659,-2.933,-0.136,0.524
1791637472.995,CHASE,의심 게이지 가득,-2.975,-0.659,-2.933,-0.136,0.524
1791637473.140,CHASE,의심 게이지 가득,-2.975,-0.659,-2.933,-0.136,0.524
1791637473.284,CHASE,의심 게이지 가득,-2.975,-0.659,-2.933,-0.136,0.524
1791637473.436,CHASE,의심 게이지 가득,-2.975,-0.659,-2.933,-0.136,0.524
1791637473.582,CHASE,의심 게이지 가득,-2.975,-0.659,-2.933,-0.136,0.524
1791637473.736,CHASE,의심 게이지 가득,-2.975,-0.659,-2.933,-0.136,0.524
1791637473.882,CHASE,의심 게이지 가득,-2.975,-0.659,-2.933,-0.136,0.524
1791637474.019,CHASE,의심 게이지 가득,-2.975,-0.659,-2.933,-0.136,0.524
1791637474.185,CHASE,의심 게이지 가득,-2.975,-0.659,-2.933,-0.136,0.524
1791637474.357,CHASE,의심 게이지 가득,-2.975,-0.659,-2.933,-0.136,0.524
1791637474.510,CHASE,의심 게이지 가득,-2.975,-0.659,-2.933,-0.136,0.524
1791637474.645,CHASE,의심 게이지 가득,-2.975,-0.659,-2.933,-0.136,0.524
1791637474.783,CHASE,의심 게이지 가득,-2.975,-0.659,-2.933,-0.136,0.524
1791637474.932,CHASE,의심 게이지 가득,-2.975,-0.659,-2.933,-0.136,0.524
1791637475.082,CHASE,의심 게이지 가득,-2.975,-0.659,-2.933,-0.136,0.524
1791637475.264,CHASE,의심 게이지 가득,-2.975,-0.659,-2.933,-0.136,0.524
1791637475.403,CHASE,의심 게이지 가득,-2.975,-0.659,-2.933,-0.136,0.524
1791637475.539,CHASE,의심 게이지 가득,-2.975,-0.659,-2.933,-0.136,0.524
1791637475.680,CHASE,의심 게이지 가득,-2.975,-0.659,-2.933,-0.136,0.524
1791637475.829,CHASE,의심 게이지 가득,-2.975,-0.659,-2.933,-0.136,0.524
1791637475.973,CHASE,의심 게이지 가득,-2.975,-0.659,-2.933,-0.136,0.524
1791637476.121,CHASE,의심 게이지 가득,-2.975,-0.659,-2.933,-0.136,0.524
1791637476.285,CHASE,의심 게이지 가득,-2.975,-0.659,-2.933,-0.136,0.524
1791637476.424,CHASE,의심 게이지 가득,-2.975,-0.659,-2.933,-0.136,0.524
1791637476.582,CHASE,의심 게이지 가득,-2.975,-0.659,-2.933,-0.136,0.524
1791637476.747,CHASE,의심 게이지 가득,-2.975,-0.659,-2.933,-0.136,0.524
1791637476.889,CHASE,의심 게이지 가득,-2.975,-0.659,-2.933,-0.136,0.524
1791637477.043,CHASE,의심 게이지 가득,-2.975,-0.659,-2.933,-0.136,0.524
1791637477.201,CHASE,의심 게이지 가득,-2.975,-0.659,-2.933,-0.136,0.524
1791637477.352,CHASE,의심 게이지 가득,-2.975,-0.659,-2.933,-0.136,0.524
1791637477.526,CHASE,의심 게이지 가득,-2.975,-0.659,-2.933,-0.136,0.524
1791637477.684,CHASE,의심 게이지 가득,-2.975,-0.659,-2.933,-0.136,0.524
1791637477.831,CHASE,의심 게이지 가득,-2.975,-0.659,-2.933,-0.136,0.524
1791637477.982,CHASE,의심 게이지 가득,-2.975,-0.659,-2.933,-0.136,0.524
1791637478.126,CHASE,의심 게이지 가득,-2.975,-0.659,-2.933,-0.136,0.524
1791637478.273,CHASE,의심 게이지 가득,-2.975,-0.659,-2.933,-0.136,0.524
1791637478.423,CHASE,의심 게이지 가득,-2.975,-0.659,-2.933,-0.136,0.524
1791637478.571,CHASE,의심 게이지 가득,-2.975,-0.659,-2.933,-0.136,0.524
1791637478.731,CHASE,의심 게이지 가득,-2.975,-0.659,-2.933,-0.136,0.524
1791637478.862,CHASE,의심 게이지 가득,-2.975,-0.659,-2.933,-0.136,0.524
1791637479.003,CHASE,의심 게이지 가득,-2.975,-0.659,-2.933,-0.136,0.524
1791637479.144,CHASE,의심 게이지 가득,-2.975,-0.659,-2.933,-0.136,0.524
1791637479.319,CHASE,의심 게이지 가득,-2.975,-0.659,-2.933,-0.136,0.524
1791637479.472,CHASE,의심 게이지 가득,-2.975,-0.659,-2.933,-0.136,0.524
1791637479.633,CHASE,의심 게이지 가득,-2.975,-0.659,-2.933,-0.136,0.524
1791637479.790,CHASE,의심 게이지 가득,-2.975,-0.659,-2.933,-0.136,0.524
1791637479.951,CHASE,의심 게이지 가득,-2.975,-0.659,-2.933,-0.136,0.524
1791637480.094,CHASE,의심 게이지 가득,-2.975,-0.659,-2.933,-0.136,0.524
1791637480.244,CHASE,의심 게이지 가득,-2.975,-0.659,-2.933,-0.136,0.524
1791637480.415,CHASE,의심 게이지 가득,-2.975,-0.659,-2.933,-0.136,0.524
1791637480.549,CHASE,의심 게이지 가득,-2.975,-0.659,-2.933,-0.136,0.524
1791637480.710,CHASE,의심 게이지 가득,-2.975,-0.659,-2.933,-0.136,0.524
1791637480.855,CHASE,의심 게이지 가득,-2.975,-0.659,-2.933,-0.136,0.524
1791637481.000,CHASE,의심 게이지 가득,-2.975,-0.659,-2.933,-0.136,0.524
1791637481.143,CHASE,의심 게이지 가득,-2.975,-0.659,-2.933,-0.136,0.524
1791637481.294,CHASE,의심 게이지 가득,-2.975,-0.659,-2.933,-0.136,0.524
1791637481.440,CHASE,의심 게이지 가득,-2.975,-0.659,-2.933,-0.136,0.524
1791637481.582,CHASE,의심 게이지 가득,-2.975,-0.659,-2.933,-0.136,0.524
1791637481.737,CHASE,의심 게이지 가득,-2.975,-0.659,-2.933,-0.136,0.524
1791637481.867,CHASE,의심 게이지 가득,-2.975,-0.659,-2.933,-0.136,0.524
1791637482.014,CHASE,의심 게이지 가득,-2.975,-0.659,-2.933,-0.136,0.524
1791637482.161,CHASE,의심 게이지 가득,-2.975,-0.659,-2.933,-0.136,0.524
1791637482.305,CHASE,의심 게이지 가득,-2.975,-0.659,-2.933,-0.136,0.524
1791637482.467,CHASE,의심 게이지 가득,-2.975,-0.659,-2.933,-0.136,0.524
1791637482.636,CHASE,의심 게이지 가득,-2.975,-0.659,-2.933,-0.136,0.524
1791637482.780,CHASE,의심 게이지 가득,-2.975,-0.659,-2.933,-0.136,0.524
1791637482.928,CHASE,의심 게이지 가득,-2.975,-0.659,-2.933,-0.136,0.524
1791637483.076,CHASE,의심 게이지 가득,-2.975,-0.659,-2.933,-0.136,0.524
1791637483.221,CHASE,의심 게이지 가득,-2.975,-0.659,-2.933,-0.136,0.524
1791637483.396,CHASE,의심 게이지 가득,-2.975,-0.659,-2.933,-0.136,0.524
1791637483.546,CHASE,의심 게이지 가득,-2.975,-0.659,-2.933,-0.136,0.524
1791637483.699,CHASE,의심 게이지 가득,-2.975,-0.659,-2.933,-0.136,0.524
1791637483.852,CHASE,의심 게이지 가득,-2.975,-0.659,-2.933,-0.136,0.524
1791637483.996,CHASE,의심 게이지 가득,-2.975,-0.659,-2.933,-0.136,0.524
1791637484.136,CHASE,의심 게이지 가득,-2.975,-0.659,-2.933,-0.136,0.524
1791637484.274,CHASE,의심 게이지 가득,-2.975,-0.659,-2.933,-0.136,0.524
1791637484.433,CHASE,의심 게이지 가득,-2.975,-0.659,-2.933,-0.136,0.524
1791637484.576,CHASE,의심 게이지 가득,-2.975,-0.659,-2.933,-0.136,0.524
1791637484.737,CHASE,의심 게이지 가득,-2.975,-0.659,-2.933,-0.136,0.524
1791637484.890,CHASE,의심 게이지 가득,-2.975,-0.659,-2.933,-0.136,0.524
1791637485.020,CHASE,의심 게이지 가득,-2.975,-0.659,-2.933,-0.136,0.524
1791637485.164,CHASE,의심 게이지 가득,-2.975,-0.659,-2.933,-0.136,0.524
1791637485.337,CHASE,의심 게이지 가득,-2.975,-0.659,-2.933,-0.136,0.524
1791637485.484,CHASE,의심 게이지 가득,-2.975,-0.659,-2.933,-0.136,0.524
1791637485.651,CHASE,의심 게이지 가득,-2.975,-0.659,-2.933,-0.136,0.524
1791637485.804,CHASE,의심 게이지 가득,-2.975,-0.659,-2.933,-0.136,0.524
1791637485.933,CHASE,의심 게이지 가득,-2.975,-0.659,-2.933,-0.136,0.524
1791637486.078,CHASE,의심 게이지 가득,-2.975,-0.659,-2.933,-0.136,0.524
1791637486.241,CHASE,의심 게이지 가득,-2.975,-0.659,-2.933,-0.136,0.524
1791637486.422,CHASE,의심 게이지 가득,-2.975,-0.659,-2.933,-0.136,0.524
1791637486.568,CHASE,의심 게이지 가득,-2.975,-0.659,-2.933,-0.136,0.524
1791637486.723,CHASE,의심 게이지 가득,-2.975,-0.659,-2.933,-0.136,0.524
1791637486.857,CHASE,의심 게이지 가득,-2.975,-0.659,-2.933,-0.136,0.524
1791637487.001,CHASE,의심 게이지 가득,-2.975,-0.659,-2.933,-0.136,0.524
1791637487.142,CHASE,의심 게이지 가득,-2.975,-0.659,-2.933,-0.136,0.524
1791637487.295,CHASE,의심 게이지 가득,-2.975,-0.659,-2.933,-0.136,0.524
1791637487.461,CHASE,의심 게이지 가득,-2.975,-0.659,-2.933,-0.136,0.524
1791637487.606,CHASE,의심 게이지 가득,-2.975,-0.659,-2.933,-0.136,0.524
1791637487.747,CHASE,의심 게이지 가득,-2.975,-0.659,-2.933,-0.136,0.524
1791637487.885,CHASE,의심 게이지 가득,-2.975,-0.659,-2.933,-0.136,0.524
1791637488.038,CHASE,의심 게이지 가득,-2.975,-0.659,-2.933,-0.136,0.524
1791637488.177,CHASE,의심 게이지 가득,-2.975,-0.659,-2.933,-0.136,0.524
1791637488.315,CHASE,의심 게이지 가득,-2.975,-0.659,-2.933,-0.136,0.524
1791637488.495,CHASE,의심 게이지 가득,-2.975,-0.659,-2.933,-0.136,0.524
1791637488.653,CHASE,의심 게이지 가득,-2.975,-0.659,-2.933,-0.136,0.524
1791637488.805,CHASE,의심 게이지 가득,-2.975,-0.659,-2.933,-0.136,0.524
1791637488.958,CHASE,의심 게이지 가득,-2.975,-0.659,-2.933,-0.136,0.524
1791637489.098,CHASE,의심 게이지 가득,-2.975,-0.659,-2.933,-0.136,0.524
1791637489.246,CHASE,의심 게이지 가득,-2.975,-0.659,-2.933,-0.136,0.524
1791637489.437,CHASE,의심 게이지 가득,-2.975,-0.659,-2.933,-0.136,0.524
1791637489.582,CHASE,의심 게이지 가득,-2.975,-0.659,-2.933,-0.136,0.524
1791637489.735,CHASE,의심 게이지 가득,-2.975,-0.659,-2.933,-0.136,0.524
1791637489.889,CHASE,의심 게이지 가득,-2.975,-0.659,-2.933,-0.136,0.524
1791637490.031,CHASE,의심 게이지 가득,-2.975,-0.659,-2.933,-0.136,0.524
1791637490.179,CHASE,의심 게이지 가득,-2.975,-0.659,-2.933,-0.136,0.524
1791637490.333,CHASE,의심 게이지 가득,-2.975,-0.659,-2.933,-0.136,0.524
1791637490.485,CHASE,의심 게이지 가득,-2.975,-0.659,-2.933,-0.136,0.524
1791637490.624,CHASE,의심 게이지 가득,-2.975,-0.659,-2.933,-0.136,0.524
1791637490.769,CHASE,의심 게이지 가득,-2.975,-0.659,-2.933,-0.136,0.524
1791637490.902,CHASE,의심 게이지 가득,-2.975,-0.659,-2.933,-0.136,0.524
1791637491.053,CHASE,의심 게이지 가득,-2.975,-0.659,-2.933,-0.136,0.524
1791637491.215,CHASE,의심 게이지 가득,-2.975,-0.659,-2.933,-0.136,0.524
1791637491.369,CHASE,의심 게이지 가득,-2.975,-0.659,-2.933,-0.136,0.524
1791637491.521,CHASE,의심 게이지 가득,-2.975,-0.659,-2.933,-0.136,0.524
1791637491.684,CHASE,의심 게이지 가득,-2.975,-0.659,-2.933,-0.136,0.524
1791637491.845,CHASE,의심 게이지 가득,-2.975,-0.659,-2.933,-0.136,0.524
1791637491.993,CHASE,의심 게이지 가득,-2.975,-0.659,-2.933,-0.136,0.524
1791637492.135,CHASE,의심 게이지 가득,-2.975,-0.659,-2.933,-0.136,0.524
1791637492.276,CHASE,의심 게이지 가득,-2.975,-0.659,-2.933,-0.136,0.524
1791637492.445,CHASE,의심 게이지 가득,-2.975,-0.659,-2.933,-0.136,0.524
1791637492.611,CHASE,의심 게이지 가득,-2.975,-0.659,-2.933,-0.136,0.524
1791637492.757,CHASE,의심 게이지 가득,-2.975,-0.659,-2.933,-0.136,0.524
1791637492.910,CHASE,의심 게이지 가득,-2.975,-0.659,-2.933,-0.136,0.524
1791637493.052,CHASE,의심 게이지 가득,-2.975,-0.659,-2.933,-0.136,0.524
1791637493.190,CHASE,의심 게이지 가득,-2.975,-0.659,-2.933,-0.136,0.524
1791637493.337,CHASE,의심 게이지 가득,-2.975,-0.659,-2.933,-0.136,0.524
1791637493.510,CHASE,의심 게이지 가득,-2.975,-0.659,-2.933,-0.136,0.524
1791637493.653,CHASE,의심 게이지 가득,-2.975,-0.659,-2.933,-0.136,0.524
1791637493.802,CHASE,의심 게이지 가득,-2.975,-0.659,-2.933,-0.136,0.524
1791637493.947,CHASE,의심 게이지 가득,-2.975,-0.659,-2.933,-0.136,0.524
1791637494.101,CHASE,의심 게이지 가득,-2.975,-0.659,-2.933,-0.136,0.524
1791637494.252,CHASE,의심 게이지 가득,-2.975,-0.659,-2.933,-0.136,0.524
1791637494.405,CHASE,의심 게이지 가득,-2.975,-0.659,-2.933,-0.136,0.524
1791637494.566,CHASE,의심 게이지 가득,-2.975,-0.659,-2.933,-0.136,0.524
1791637494.716,CHASE,의심 게이지 가득,-2.975,-0.659,-2.933,-0.136,0.524
1791637494.870,CHASE,의심 게이지 가득,-2.975,-0.659,-2.933,-0.136,0.524
1791637495.011,CHASE,의심 게이지 가득,-2.975,-0.659,-2.933,-0.136,0.524
1791637495.181,CHASE,의심 게이지 가득,-2.975,-0.659,-2.933,-0.136,0.524
1791637495.318,CHASE,의심 게이지 가득,-2.975,-0.659,-2.933,-0.136,0.524
1791637495.473,CHASE,의심 게이지 가득,-2.975,-0.659,-2.933,-0.136,0.524
1791637495.630,CHASE,의심 게이지 가득,-2.975,-0.659,-2.933,-0.136,0.524
1791637495.796,CHASE,의심 게이지 가득,-2.975,-0.659,-2.933,-0.136,0.524
1791637495.941,CHASE,의심 게이지 가득,-2.975,-0.659,-2.933,-0.136,0.524
1791637496.083,CHASE,의심 게이지 가득,-2.975,-0.659,-2.933,-0.136,0.524
1791637496.222,CHASE,의심 게이지 가득,-2.975,-0.659,-2.933,-0.136,0.524
1791637496.358,CHASE,의심 게이지 가득,-2.975,-0.659,-2.933,-0.136,0.524
1791637496.532,CHASE,의심 게이지 가득,-2.975,-0.659,-2.933,-0.136,0.524
1791637496.678,CHASE,의심 게이지 가득,-2.975,-0.659,-2.933,-0.136,0.524
1791637496.817,CHASE,의심 게이지 가득,-2.975,-0.659,-2.933,-0.136,0.524
1791637496.968,CHASE,의심 게이지 가득,-2.975,-0.659,-2.933,-0.136,0.524
1791637497.110,CHASE,의심 게이지 가득,-2.975,-0.659,-2.933,-0.136,0.524
1791637497.245,CHASE,의심 게이지 가득,-2.975,-0.659,-2.933,-0.136,0.524
1791637497.408,CHASE,의심 게이지 가득,-2.975,-0.659,-2.933,-0.136,0.524
1791637497.588,CHASE,의심 게이지 가득,-2.975,-0.659,-2.933,-0.136,0.524
1791637497.732,CHASE,의심 게이지 가득,-2.975,-0.659,-2.933,-0.136,0.524
1791637497.876,CHASE,의심 게이지 가득,-2.975,-0.659,-2.933,-0.136,0.524
1791637498.019,CHASE,의심 게이지 가득,-2.975,-0.659,-2.933,-0.136,0.524
1791637498.163,CHASE,의심 게이지 가득,-2.975,-0.659,-2.933,-0.136,0.524
1791637498.318,CHASE,의심 게이지 가득,-2.975,-0.659,-2.933,-0.136,0.524
1791637498.499,CHASE,의심 게이지 가득,-2.975,-0.659,-2.933,-0.136,0.524
1791637498.634,CHASE,의심 게이지 가득,-2.975,-0.659,-2.933,-0.136,0.524
1791637498.802,CHASE,의심 게이지 가득,-2.975,-0.659,-2.933,-0.136,0.524
1791637498.960,CHASE,의심 게이지 가득,-2.975,-0.659,-2.933,-0.136,0.524
1791637499.096,CHASE,의심 게이지 가득,-2.975,-0.659,-2.933,-0.136,0.524
1791637499.262,CHASE,의심 게이지 가득,-2.975,-0.659,-2.933,-0.136,0.524
1791637499.410,CHASE,의심 게이지 가득,-2.975,-0.659,-2.933,-0.136,0.524
1791637499.579,CHASE,의심 게이지 가득,-2.975,-0.659,-2.933,-0.136,0.524
1791637499.735,CHASE,의심 게이지 가득,-2.975,-0.659,-2.933,-0.136,0.524
1791637499.874,CHASE,의심 게이지 가득,-2.975,-0.659,-2.933,-0.136,0.524
1791637500.007,CHASE,의심 게이지 가득,-2.975,-0.659,-2.933,-0.136,0.524
1791637500.153,CHASE,의심 게이지 가득,-2.975,-0.659,-2.933,-0.136,0.524
1791637500.298,CHASE,의심 게이지 가득,-2.975,-0.659,-2.933,-0.136,0.524
1791637500.448,CHASE,의심 게이지 가득,-2.975,-0.659,-2.933,-0.136,0.524
1791637500.617,CHASE,의심 게이지 가득,-2.975,-0.659,-2.933,-0.136,0.524
1791637500.777,CHASE,의심 게이지 가득,-2.975,-0.659,-2.933,-0.136,0.524
1791637500.921,CHASE,의심 게이지 가득,-2.975,-0.659,-2.933,-0.136,0.524
1791637501.068,CHASE,의심 게이지 가득,-2.975,-0.659,-2.933,-0.136,0.524
1791637501.222,CHASE,의심 게이지 가득,-2.975,-0.659,-2.933,-0.136,0.524
1791637501.385,CHASE,의심 게이지 가득,-2.975,-0.659,-2.933,-0.136,0.524
1791637501.532,CHASE,의심 게이지 가득,-2.975,-0.659,-2.933,-0.136,0.524
1791637501.705,CHASE,의심 게이지 가득,-2.975,-0.659,-2.933,-0.136,0.524
1791637501.834,CHASE,의심 게이지 가득,-2.975,-0.659,-2.933,-0.136,0.524
1791637501.990,CHASE,의심 게이지 가득,-2.975,-0.659,-2.933,-0.136,0.524
1791637502.139,CHASE,의심 게이지 가득,-2.975,-0.659,-2.933,-0.136,0.524
1791637502.267,CHASE,의심 게이지 가득,-2.975,-0.659,-2.933,-0.136,0.524
1791637502.411,CHASE,의심 게이지 가득,-2.975,-0.659,-2.933,-0.136,0.524
1791637502.564,CHASE,의심 게이지 가득,-2.975,-0.659,-2.933,-0.136,0.524
1791637502.720,CHASE,의심 게이지 가득,-2.975,-0.659,-2.933,-0.136,0.524
1791637502.865,CHASE,의심 게이지 가득,-2.975,-0.659,-2.933,-0.136,0.524
1791637503.015,CHASE,의심 게이지 가득,-2.975,-0.659,-2.933,-0.136,0.524
1791637503.154,CHASE,의심 게이지 가득,-2.975,-0.659,-2.933,-0.136,0.524
1791637503.312,CHASE,의심 게이지 가득,-2.975,-0.659,-2.933,-0.136,0.524
1791637503.464,CHASE,의심 게이지 가득,-2.975,-0.659,-2.933,-0.136,0.524
1791637503.622,CHASE,의심 게이지 가득,-2.975,-0.659,-2.933,-0.136,0.524
1791637503.781,CHASE,의심 게이지 가득,-2.975,-0.659,-2.933,-0.136,0.524
1791637503.939,CHASE,의심 게이지 가득,-2.975,-0.659,-2.933,-0.136,0.524
1791637504.081,CHASE,의심 게이지 가득,-2.975,-0.659,-2.933,-0.136,0.524
1791637504.225,CHASE,의심 게이지 가득,-2.975,-0.659,-2.933,-0.136,0.524
1791637504.391,CHASE,의심 게이지 가득,-2.975,-0.659,-2.933,-0.136,0.524
1791637504.540,CHASE,의심 게이지 가득,-2.975,-0.659,-2.933,-0.136,0.524
1791637504.704,CHASE,의심 게이지 가득,-2.975,-0.659,-2.933,-0.136,0.524
1791637504.864,CHASE,의심 게이지 가득,-2.975,-0.659,-2.933,-0.136,0.524
1791637505.001,CHASE,의심 게이지 가득,-2.975,-0.659,-2.933,-0.136,0.524
1791637505.140,CHASE,의심 게이지 가득,-2.975,-0.659,-2.933,-0.136,0.524
1791637505.284,CHASE,의심 게이지 가득,-2.975,-0.659,-2.933,-0.136,0.524
1791637505.422,CHASE,의심 게이지 가득,-2.975,-0.659,-2.933,-0.136,0.524
1791637505.587,CHASE,의심 게이지 가득,-2.975,-0.659,-2.933,-0.136,0.524
1791637505.739,CHASE,의심 게이지 가득,-2.975,-0.659,-2.933,-0.136,0.524
1791637505.865,CHASE,의심 게이지 가득,-2.975,-0.659,-2.933,-0.136,0.524
1791637506.008,CHASE,의심 게이지 가득,-2.975,-0.659,-2.933,-0.136,0.524
1791637506.173,CHASE,의심 게이지 가득,-2.975,-0.659,-2.933,-0.136,0.524
1791637506.377,CHASE,의심 게이지 가득,-2.975,-0.659,-2.933,-0.136,0.524
1791637506.525,CHASE,의심 게이지 가득,-2.975,-0.659,-2.933,-0.136,0.524
1791637506.704,CHASE,의심 게이지 가득,-2.975,-0.659,-2.933,-0.136,0.524
1791637506.856,CHASE,의심 게이지 가득,-2.975,-0.659,-2.933,-0.136,0.524
1791637507.004,CHASE,의심 게이지 가득,-2.975,-0.659,-2.933,-0.136,0.524
1791637507.164,CHASE,의심 게이지 가득,-2.975,-0.659,-2.933,-0.136,0.524
1791637507.328,CHASE,의심 게이지 가득,-2.975,-0.659,-2.933,-0.136,0.524
1791637507.466,CHASE,의심 게이지 가득,-2.975,-0.659,-2.933,-0.136,0.524
1791637507.624,CHASE,의심 게이지 가득,-2.975,-0.659,-2.933,-0.136,0.524
1791637507.779,CHASE,의심 게이지 가득,-2.975,-0.659,-2.933,-0.136,0.524
1791637507.917,CHASE,의심 게이지 가득,-2.975,-0.659,-2.933,-0.136,0.524
1791637508.075,CHASE,의심 게이지 가득,-2.975,-0.659,-2.933,-0.136,0.524
1791637508.210,CHASE,의심 게이지 가득,-2.975,-0.659,-2.933,-0.136,0.524
1791637508.345,CHASE,의심 게이지 가득,-2.975,-0.659,-2.933,-0.136,0.524
1791637508.499,CHASE,의심 게이지 가득,-2.975,-0.659,-2.933,-0.136,0.524
1791637508.661,CHASE,의심 게이지 가득,-2.975,-0.659,-2.933,-0.136,0.524
1791637508.831,CHASE,의심 게이지 가득,-2.975,-0.659,-2.933,-0.136,0.524
1791637508.965,CHASE,의심 게이지 가득,-2.975,-0.659,-2.933,-0.136,0.524
1791637509.101,CHASE,의심 게이지 가득,-2.975,-0.659,-2.933,-0.136,0.524
1791637509.238,CHASE,의심 게이지 가득,-2.975,-0.659,-2.933,-0.136,0.524
1791637509.395,CHASE,의심 게이지 가득,-2.975,-0.659,-2.933,-0.136,0.524
1791637509.558,CHASE,의심 게이지 가득,-2.975,-0.659,-2.933,-0.136,0.524
1791637509.720,CHASE,의심 게이지 가득,-2.975,-0.659,-2.933,-0.136,0.524
1791637509.874,CHASE,의심 게이지 가득,-2.975,-0.659,-2.933,-0.136,0.524
1791637510.019,CHASE,의심 게이지 가득,-2.975,-0.659,-2.933,-0.136,0.524
1791637510.162,CHASE,의심 게이지 가득,-2.975,-0.659,-2.933,-0.136,0.524
1791637510.320,CHASE,의심 게이지 가득,-2.975,-0.659,-2.933,-0.136,0.524
1791637510.488,CHASE,의심 게이지 가득,-2.975,-0.659,-2.933,-0.136,0.524
1791637510.636,CHASE,의심 게이지 가득,-2.975,-0.659,-2.933,-0.136,0.524
1791637510.799,CHASE,의심 게이지 가득,-2.975,-0.659,-2.933,-0.136,0.524
1791637510.943,CHASE,의심 게이지 가득,-2.975,-0.659,-2.933,-0.136,0.524
1791637511.100,CHASE,의심 게이지 가득,-2.975,-0.659,-2.933,-0.136,0.524
1791637511.253,CHASE,의심 게이지 가득,-2.975,-0.659,-2.933,-0.136,0.524
1791637511.385,CHASE,의심 게이지 가득,-2.975,-0.659,-2.933,-0.136,0.524
1791637511.534,CHASE,의심 게이지 가득,-2.975,-0.659,-2.933,-0.136,0.524
1791637511.693,CHASE,의심 게이지 가득,-2.975,-0.659,-2.933,-0.136,0.524
1791637511.851,CHASE,의심 게이지 가득,-2.975,-0.659,-2.933,-0.136,0.524
1791637512.013,CHASE,의심 게이지 가득,-2.975,-0.659,-2.933,-0.136,0.524
1791637512.157,CHASE,의심 게이지 가득,-2.975,-0.659,-2.933,-0.136,0.524
1791637512.307,CHASE,의심 게이지 가득,-2.975,-0.659,-2.933,-0.136,0.524
1791637512.454,CHASE,의심 게이지 가득,-2.975,-0.659,-2.933,-0.136,0.524
1791637512.617,CHASE,의심 게이지 가득,-2.975,-0.659,-2.933,-0.136,0.524
1791637512.792,CHASE,의심 게이지 가득,-2.975,-0.659,-2.933,-0.136,0.524
1791637512.950,CHASE,의심 게이지 가득,-2.975,-0.659,-2.933,-0.136,0.524
1791637513.102,CHASE,의심 게이지 가득,-2.975,-0.659,-2.933,-0.136,0.524
1791637513.239,CHASE,의심 게이지 가득,-2.975,-0.659,-2.933,-0.136,0.524
1791637513.385,CHASE,의심 게이지 가득,-2.975,-0.659,-2.933,-0.136,0.524
1791637513.533,CHASE,의심 게이지 가득,-2.975,-0.659,-2.933,-0.136,0.524
1791637513.699,CHASE,의심 게이지 가득,-2.975,-0.659,-2.933,-0.136,0.524
