model,image_name,image_id,gt_count,prediction_count,tp,fp,fn,confidence,iou,error_type,prediction_json,sample_image
yolo11n,_img_93_jpg.rf.d60e8cbf2c3c2479e3f6e822147f592b.jpg,0,1,1,1,0,0,[0.9573059678077698],[0.9736884035939927],,results/final/predictions/yolo11n/0__img_93_jpg.rf.d60e8cbf2c3c2479e3f6e822147f592b.json,
yolo11n,_img_451_jpg.rf.c1eb30c6b44b947c14ceaf5399d18c6d.jpg,1,1,1,1,0,0,[0.9468942284584045],[0.9666402843844375],,results/final/predictions/yolo11n/1__img_451_jpg.rf.c1eb30c6b44b947c14ceaf5399d18c6d.json,
yolo11n,_img_173_jpg.rf.274ed98f6aff584cad9742a7b5c3db50.jpg,2,1,1,1,0,0,[0.96022629737854],[0.963661940030815],,results/final/predictions/yolo11n/2__img_173_jpg.rf.274ed98f6aff584cad9742a7b5c3db50.json,
yolo11n,_img_83_jpg.rf.85ef326f9fc02f8ac9f77e298926a426.jpg,3,0,0,0,0,0,[],[],,results/final/predictions/yolo11n/3__img_83_jpg.rf.85ef326f9fc02f8ac9f77e298926a426.json,
yolo11n,_img_353_jpg.rf.97b5ba3226369fd5b20358babca447e6.jpg,4,1,1,1,0,0,[0.9335935711860657],[0.9370045324854287],,results/final/predictions/yolo11n/4__img_353_jpg.rf.97b5ba3226369fd5b20358babca447e6.json,
yolo11n,_img_47_jpg.rf.1d94e6200c537e73db4e3a30a525016a.jpg,5,1,1,1,0,0,[0.9473499059677124],[0.988263275293983],,results/final/predictions/yolo11n/5__img_47_jpg.rf.1d94e6200c537e73db4e3a30a525016a.json,
yolo11n,_img_103_jpg.rf.ece2f0477b1a123805161024fffb2a09.jpg,6,1,1,1,0,0,[0.9449626207351685],[0.968730314652407],,results/final/predictions/yolo11n/6__img_103_jpg.rf.ece2f0477b1a123805161024fffb2a09.json,
yolo11n,_img_483_jpg.rf.75230493a8d6fa749bd9d1b2a58d2b44.jpg,7,1,1,1,0,0,[0.9403476119041443],[0.9751501179980326],,results/final/predictions/yolo11n/7__img_483_jpg.rf.75230493a8d6fa749bd9d1b2a58d2b44.json,
yolo11n,_img_566_jpg.rf.3e0aaaae0a520309889ed9b8a1e6d8e2.jpg,8,1,1,1,0,0,[0.9409255385398865],[0.9807071955389636],,results/final/predictions/yolo11n/8__img_566_jpg.rf.3e0aaaae0a520309889ed9b8a1e6d8e2.json,
yolo11n,_img_104_jpg.rf.fedad8cbbe37bf1da22f45770265b956.jpg,9,1,1,1,0,0,[0.9391313791275024],[0.9787187432394606],,results/final/predictions/yolo11n/9__img_104_jpg.rf.fedad8cbbe37bf1da22f45770265b956.json,
yolo11n,_img_357_jpg.rf.a4fc470e21bfd384290afb6f7cd3c88e.jpg,10,1,1,1,0,0,[0.9389657378196716],[0.9133342933126567],,results/final/predictions/yolo11n/10__img_357_jpg.rf.a4fc470e21bfd384290afb6f7cd3c88e.json,
yolo11n,_img_48_jpg.rf.c5ade7f33fd49144d76e29eb730cea72.jpg,11,1,1,1,0,0,[0.94602370262146],[0.9443887623797864],,results/final/predictions/yolo11n/11__img_48_jpg.rf.c5ade7f33fd49144d76e29eb730cea72.json,
yolo11n,_img_584_jpg.rf.9d501f5ff6da92e20553ca49ee479e9e.jpg,12,1,1,1,0,0,[0.9409688115119934],[0.9666315948049339],,results/final/predictions/yolo11n/12__img_584_jpg.rf.9d501f5ff6da92e20553ca49ee479e9e.json,
yolo11n,_img_371_jpg.rf.35a6105279f506b559d524120ac7b538.jpg,13,1,1,1,0,0,[0.9467088580131531],[0.9859327181053592],,results/final/predictions/yolo11n/13__img_371_jpg.rf.35a6105279f506b559d524120ac7b538.json,
yolo11n,_img_505_jpg.rf.5695e11396e2492703ba34f3915b77bd.jpg,14,1,1,1,0,0,[0.9401549696922302],[0.9771583984260115],,results/final/predictions/yolo11n/14__img_505_jpg.rf.5695e11396e2492703ba34f3915b77bd.json,
yolo11n,_img_216_jpg.rf.d267339aa2200dcc72bc7e2b60a70612.jpg,15,1,1,1,0,0,[0.9160093069076538],[0.9857264652742974],,results/final/predictions/yolo11n/15__img_216_jpg.rf.d267339aa2200dcc72bc7e2b60a70612.json,
yolo11n,_img_113_jpg.rf.15037a6b05996328225299421d3833a5.jpg,16,1,1,1,0,0,[0.9346235394477844],[0.9688169924404453],,results/final/predictions/yolo11n/16__img_113_jpg.rf.15037a6b05996328225299421d3833a5.json,
yolo11n,_img_250_jpg.rf.235570aa7414b8e943ccc69a17924ce5.jpg,17,1,1,1,0,0,[0.9188723564147949],[0.973037412468666],,results/final/predictions/yolo11n/17__img_250_jpg.rf.235570aa7414b8e943ccc69a17924ce5.json,
yolo11n,_img_20_jpg.rf.9441fa050a22b0f03b3b26cf6ee0a3b2.jpg,18,0,0,0,0,0,[],[],,results/final/predictions/yolo11n/18__img_20_jpg.rf.9441fa050a22b0f03b3b26cf6ee0a3b2.json,
yolo11n,_img_398_jpg.rf.c90c43668d1793e647eb130ab3d9cd4b.jpg,19,1,1,1,0,0,[0.9463071823120117],[0.9430767935428657],,results/final/predictions/yolo11n/19__img_398_jpg.rf.c90c43668d1793e647eb130ab3d9cd4b.json,
yolo11n,_img_162_jpg.rf.957a778526c5b7e9505f8e41dfdf166c.jpg,20,0,0,0,0,0,[],[],,results/final/predictions/yolo11n/20__img_162_jpg.rf.957a778526c5b7e9505f8e41dfdf166c.json,
yolo11n,_img_215_jpg.rf.317cbee12be691d42b19e07886e15de5.jpg,21,1,1,1,0,0,[0.8999127745628357],[0.9058792980709005],,results/final/predictions/yolo11n/21__img_215_jpg.rf.317cbee12be691d42b19e07886e15de5.json,
yolo11n,_img_645_jpg.rf.482011a2afb4322550165f4508069b38.jpg,22,1,1,1,0,0,[0.9318854212760925],[0.9560856824988191],,results/final/predictions/yolo11n/22__img_645_jpg.rf.482011a2afb4322550165f4508069b38.json,
yolo11n,_img_123_jpg.rf.cc7018a99038771b8a41f3f1b4c72f0c.jpg,23,0,0,0,0,0,[],[],,results/final/predictions/yolo11n/23__img_123_jpg.rf.cc7018a99038771b8a41f3f1b4c72f0c.json,
yolo11n,_img_137_jpg.rf.1a7be940d2249f2de1df2538cc110c8b.jpg,24,1,1,1,0,0,[0.9477130174636841],[0.9908507781013884],,results/final/predictions/yolo11n/24__img_137_jpg.rf.1a7be940d2249f2de1df2538cc110c8b.json,
yolo11n,_img_367_jpg.rf.344d8069d77f2ce9235c55941a26fdc1.jpg,25,1,1,1,0,0,[0.9597764015197754],[0.9804668560441285],,results/final/predictions/yolo11n/25__img_367_jpg.rf.344d8069d77f2ce9235c55941a26fdc1.json,
yolo11n,_img_269_jpg.rf.f1ef8d00117bd80f835e53b3ba7fc3be.jpg,26,1,1,1,0,0,[0.9521559476852417],[0.964207544944931],,results/final/predictions/yolo11n/26__img_269_jpg.rf.f1ef8d00117bd80f835e53b3ba7fc3be.json,
yolo11n,_img_192_jpg.rf.1ecd7cdce39d56234693592b554e65b2.jpg,27,1,1,1,0,0,[0.9393266439437866],[0.943114936103809],,results/final/predictions/yolo11n/27__img_192_jpg.rf.1ecd7cdce39d56234693592b554e65b2.json,
yolo11n,_img_196_jpg.rf.30520908ed3dee2df7bc67092820f991.jpg,28,1,1,1,0,0,[0.9415280222892761],[0.9418567983929595],,results/final/predictions/yolo11n/28__img_196_jpg.rf.30520908ed3dee2df7bc67092820f991.json,
yolo11n,_img_512_jpg.rf.4f1aba9a7adfa8c677fa7afb2e5b37bc.jpg,29,1,1,1,0,0,[0.9555982351303101],[0.9916253019787785],,results/final/predictions/yolo11n/29__img_512_jpg.rf.4f1aba9a7adfa8c677fa7afb2e5b37bc.json,
yolo11n,_img_511_jpg.rf.845dd371d321636175cc7f68ed8ae770.jpg,30,1,1,1,0,0,[0.9627138376235962],[0.9680485479938037],,results/final/predictions/yolo11n/30__img_511_jpg.rf.845dd371d321636175cc7f68ed8ae770.json,
yolo11n,_img_206_jpg.rf.6682750ffa64a66c8d8ae3701ee7efd3.jpg,31,0,0,0,0,0,[],[],,results/final/predictions/yolo11n/31__img_206_jpg.rf.6682750ffa64a66c8d8ae3701ee7efd3.json,
yolo11n,_img_234_jpg.rf.938b252b6ae39aad4fb1d40a3926e383.jpg,32,0,0,0,0,0,[],[],,results/final/predictions/yolo11n/32__img_234_jpg.rf.938b252b6ae39aad4fb1d40a3926e383.json,
yolo11n,_img_188_jpg.rf.0450b18d680ef3284a58711fa0e04d80.jpg,33,0,0,0,0,0,[],[],,results/final/predictions/yolo11n/33__img_188_jpg.rf.0450b18d680ef3284a58711fa0e04d80.json,
yolo11n,_img_482_jpg.rf.0be1e07879b0ebdfb88009373eab84a4.jpg,34,1,1,1,0,0,[0.9525640606880188],[0.9652721954217126],,results/final/predictions/yolo11n/34__img_482_jpg.rf.0be1e07879b0ebdfb88009373eab84a4.json,
yolo11n,_img_649_jpg.rf.cbf0f47b01e169bc3f07086df00c7a17.jpg,35,1,1,1,0,0,[0.9355913996696472],[0.9684110677367017],,results/final/predictions/yolo11n/35__img_649_jpg.rf.cbf0f47b01e169bc3f07086df00c7a17.json,
yolo11n,_img_521_jpg.rf.3531d67a65d11e1e1196cdd157dfcf01.jpg,36,1,1,1,0,0,[0.3063596487045288],[0.6573482874870603],,results/final/predictions/yolo11n/36__img_521_jpg.rf.3531d67a65d11e1e1196cdd157dfcf01.json,
yolo11n,_img_508_jpg.rf.db8bfdfe42b3c42ed61c36c9a5e2c6bf.jpg,37,1,1,1,0,0,[0.951514720916748],[0.958014740370539],,results/final/predictions/yolo11n/37__img_508_jpg.rf.db8bfdfe42b3c42ed61c36c9a5e2c6bf.json,
yolo11n,_img_578_jpg.rf.4e4ba12752c56d8ff384468deeafb268.jpg,38,1,1,1,0,0,[0.9460991621017456],[0.9792208670622623],,results/final/predictions/yolo11n/38__img_578_jpg.rf.4e4ba12752c56d8ff384468deeafb268.json,
yolo11n,_img_523_jpg.rf.7bde118ea7a55ba8f9eebd9411c09adf.jpg,39,0,0,0,0,0,[],[],,results/final/predictions/yolo11n/39__img_523_jpg.rf.7bde118ea7a55ba8f9eebd9411c09adf.json,
yolo11n,_img_183_jpg.rf.b5a23621f6618fa954ea84eb6222e515.jpg,40,0,0,0,0,0,[],[],,results/final/predictions/yolo11n/40__img_183_jpg.rf.b5a23621f6618fa954ea84eb6222e515.json,
yolo11n,_img_640_jpg.rf.5e51012546b8bfca0c3338b632404cb1.jpg,41,1,1,1,0,0,[0.9316081404685974],[0.9902103403603355],,results/final/predictions/yolo11n/41__img_640_jpg.rf.5e51012546b8bfca0c3338b632404cb1.json,
yolov8n,_img_93_jpg.rf.d60e8cbf2c3c2479e3f6e822147f592b.jpg,0,1,1,1,0,0,[0.9577255845069885],[0.9814323629130927],,results/final/predictions/yolov8n/0__img_93_jpg.rf.d60e8cbf2c3c2479e3f6e822147f592b.json,
yolov8n,_img_451_jpg.rf.c1eb30c6b44b947c14ceaf5399d18c6d.jpg,1,1,1,1,0,0,[0.9546446800231934],[0.9752882059915198],,results/final/predictions/yolov8n/1__img_451_jpg.rf.c1eb30c6b44b947c14ceaf5399d18c6d.json,
yolov8n,_img_173_jpg.rf.274ed98f6aff584cad9742a7b5c3db50.jpg,2,1,1,1,0,0,[0.9459414482116699],[0.9704306081648049],,results/final/predictions/yolov8n/2__img_173_jpg.rf.274ed98f6aff584cad9742a7b5c3db50.json,
yolov8n,_img_83_jpg.rf.85ef326f9fc02f8ac9f77e298926a426.jpg,3,0,0,0,0,0,[],[],,results/final/predictions/yolov8n/3__img_83_jpg.rf.85ef326f9fc02f8ac9f77e298926a426.json,
yolov8n,_img_353_jpg.rf.97b5ba3226369fd5b20358babca447e6.jpg,4,1,1,1,0,0,[0.9373846054077148],[0.953738052413577],,results/final/predictions/yolov8n/4__img_353_jpg.rf.97b5ba3226369fd5b20358babca447e6.json,
yolov8n,_img_47_jpg.rf.1d94e6200c537e73db4e3a30a525016a.jpg,5,1,1,1,0,0,[0.9573291540145874],[0.9861535094795574],,results/final/predictions/yolov8n/5__img_47_jpg.rf.1d94e6200c537e73db4e3a30a525016a.json,
yolov8n,_img_103_jpg.rf.ece2f0477b1a123805161024fffb2a09.jpg,6,1,1,1,0,0,[0.9434471130371094],[0.9874481792602712],,results/final/predictions/yolov8n/6__img_103_jpg.rf.ece2f0477b1a123805161024fffb2a09.json,
yolov8n,_img_483_jpg.rf.75230493a8d6fa749bd9d1b2a58d2b44.jpg,7,1,1,1,0,0,[0.9474630951881409],[0.9610305387687508],,results/final/predictions/yolov8n/7__img_483_jpg.rf.75230493a8d6fa749bd9d1b2a58d2b44.json,
yolov8n,_img_566_jpg.rf.3e0aaaae0a520309889ed9b8a1e6d8e2.jpg,8,1,1,1,0,0,[0.9388470649719238],[0.9689134457251743],,results/final/predictions/yolov8n/8__img_566_jpg.rf.3e0aaaae0a520309889ed9b8a1e6d8e2.json,
yolov8n,_img_104_jpg.rf.fedad8cbbe37bf1da22f45770265b956.jpg,9,1,1,1,0,0,[0.9513372182846069],[0.9811338229727502],,results/final/predictions/yolov8n/9__img_104_jpg.rf.fedad8cbbe37bf1da22f45770265b956.json,
yolov8n,_img_357_jpg.rf.a4fc470e21bfd384290afb6f7cd3c88e.jpg,10,1,1,1,0,0,[0.936519980430603],[0.9288575770962378],,results/final/predictions/yolov8n/10__img_357_jpg.rf.a4fc470e21bfd384290afb6f7cd3c88e.json,
yolov8n,_img_48_jpg.rf.c5ade7f33fd49144d76e29eb730cea72.jpg,11,1,1,1,0,0,[0.9528814554214478],[0.9584328317793176],,results/final/predictions/yolov8n/11__img_48_jpg.rf.c5ade7f33fd49144d76e29eb730cea72.json,
yolov8n,_img_584_jpg.rf.9d501f5ff6da92e20553ca49ee479e9e.jpg,12,1,1,1,0,0,[0.9353495836257935],[0.9610193761087851],,results/final/predictions/yolov8n/12__img_584_jpg.rf.9d501f5ff6da92e20553ca49ee479e9e.json,
yolov8n,_img_371_jpg.rf.35a6105279f506b559d524120ac7b538.jpg,13,1,1,1,0,0,[0.9539865851402283],[0.9822118332883731],,results/final/predictions/yolov8n/13__img_371_jpg.rf.35a6105279f506b559d524120ac7b538.json,
yolov8n,_img_505_jpg.rf.5695e11396e2492703ba34f3915b77bd.jpg,14,1,1,1,0,0,[0.9482558369636536],[0.9864475165358871],,results/final/predictions/yolov8n/14__img_505_jpg.rf.5695e11396e2492703ba34f3915b77bd.json,
yolov8n,_img_216_jpg.rf.d267339aa2200dcc72bc7e2b60a70612.jpg,15,1,1,1,0,0,[0.9032595753669739],[0.981793193743713],,results/final/predictions/yolov8n/15__img_216_jpg.rf.d267339aa2200dcc72bc7e2b60a70612.json,
yolov8n,_img_113_jpg.rf.15037a6b05996328225299421d3833a5.jpg,16,1,1,1,0,0,[0.9607294201850891],[0.9710735981303937],,results/final/predictions/yolov8n/16__img_113_jpg.rf.15037a6b05996328225299421d3833a5.json,
yolov8n,_img_250_jpg.rf.235570aa7414b8e943ccc69a17924ce5.jpg,17,1,1,1,0,0,[0.9474301338195801],[0.9745218448076801],,results/final/predictions/yolov8n/17__img_250_jpg.rf.235570aa7414b8e943ccc69a17924ce5.json,
yolov8n,_img_20_jpg.rf.9441fa050a22b0f03b3b26cf6ee0a3b2.jpg,18,0,0,0,0,0,[],[],,results/final/predictions/yolov8n/18__img_20_jpg.rf.9441fa050a22b0f03b3b26cf6ee0a3b2.json,
yolov8n,_img_398_jpg.rf.c90c43668d1793e647eb130ab3d9cd4b.jpg,19,1,1,1,0,0,[0.9512432217597961],[0.94390667408682],,results/final/predictions/yolov8n/19__img_398_jpg.rf.c90c43668d1793e647eb130ab3d9cd4b.json,
yolov8n,_img_162_jpg.rf.957a778526c5b7e9505f8e41dfdf166c.jpg,20,0,0,0,0,0,[],[],,results/final/predictions/yolov8n/20__img_162_jpg.rf.957a778526c5b7e9505f8e41dfdf166c.json,
yolov8n,_img_215_jpg.rf.317cbee12be691d42b19e07886e15de5.jpg,21,1,1,1,0,0,[0.8851372003555298],[0.9052805552445763],,results/final/predictions/yolov8n/21__img_215_jpg.rf.317cbee12be691d42b19e07886e15de5.json,
yolov8n,_img_645_jpg.rf.482011a2afb4322550165f4508069b38.jpg,22,1,1,1,0,0,[0.9374402165412903],[0.9552867467553787],,results/final/predictions/yolov8n/22__img_645_jpg.rf.482011a2afb4322550165f4508069b38.json,
yolov8n,_img_123_jpg.rf.cc7018a99038771b8a41f3f1b4c72f0c.jpg,23,0,0,0,0,0,[],[],,results/final/predictions/yolov8n/23__img_123_jpg.rf.cc7018a99038771b8a41f3f1b4c72f0c.json,
yolov8n,_img_137_jpg.rf.1a7be940d2249f2de1df2538cc110c8b.jpg,24,1,1,1,0,0,[0.9634377360343933],[0.9905944030528291],,results/final/predictions/yolov8n/24__img_137_jpg.rf.1a7be940d2249f2de1df2538cc110c8b.json,
yolov8n,_img_367_jpg.rf.344d8069d77f2ce9235c55941a26fdc1.jpg,25,1,1,1,0,0,[0.9614938497543335],[0.9532033844021729],,results/final/predictions/yolov8n/25__img_367_jpg.rf.344d8069d77f2ce9235c55941a26fdc1.json,
yolov8n,_img_269_jpg.rf.f1ef8d00117bd80f835e53b3ba7fc3be.jpg,26,1,1,1,0,0,[0.957635223865509],[0.9574731221174674],,results/final/predictions/yolov8n/26__img_269_jpg.rf.f1ef8d00117bd80f835e53b3ba7fc3be.json,
yolov8n,_img_192_jpg.rf.1ecd7cdce39d56234693592b554e65b2.jpg,27,1,1,1,0,0,[0.9450873136520386],[0.9440566378030908],,results/final/predictions/yolov8n/27__img_192_jpg.rf.1ecd7cdce39d56234693592b554e65b2.json,
yolov8n,_img_196_jpg.rf.30520908ed3dee2df7bc67092820f991.jpg,28,1,1,1,0,0,[0.9398576021194458],[0.9520560236026844],,results/final/predictions/yolov8n/28__img_196_jpg.rf.30520908ed3dee2df7bc67092820f991.json,
yolov8n,_img_512_jpg.rf.4f1aba9a7adfa8c677fa7afb2e5b37bc.jpg,29,1,1,1,0,0,[0.9639597535133362],[0.9850306919596045],,results/final/predictions/yolov8n/29__img_512_jpg.rf.4f1aba9a7adfa8c677fa7afb2e5b37bc.json,
yolov8n,_img_511_jpg.rf.845dd371d321636175cc7f68ed8ae770.jpg,30,1,1,1,0,0,[0.9704409241676331],[0.9678999527777804],,results/final/predictions/yolov8n/30__img_511_jpg.rf.845dd371d321636175cc7f68ed8ae770.json,
yolov8n,_img_206_jpg.rf.6682750ffa64a66c8d8ae3701ee7efd3.jpg,31,0,0,0,0,0,[],[],,results/final/predictions/yolov8n/31__img_206_jpg.rf.6682750ffa64a66c8d8ae3701ee7efd3.json,
yolov8n,_img_234_jpg.rf.938b252b6ae39aad4fb1d40a3926e383.jpg,32,0,0,0,0,0,[],[],,results/final/predictions/yolov8n/32__img_234_jpg.rf.938b252b6ae39aad4fb1d40a3926e383.json,
yolov8n,_img_188_jpg.rf.0450b18d680ef3284a58711fa0e04d80.jpg,33,0,0,0,0,0,[],[],,results/final/predictions/yolov8n/33__img_188_jpg.rf.0450b18d680ef3284a58711fa0e04d80.json,
yolov8n,_img_482_jpg.rf.0be1e07879b0ebdfb88009373eab84a4.jpg,34,1,1,1,0,0,[0.9530282616615295],[0.963197901574946],,results/final/predictions/yolov8n/34__img_482_jpg.rf.0be1e07879b0ebdfb88009373eab84a4.json,
yolov8n,_img_649_jpg.rf.cbf0f47b01e169bc3f07086df00c7a17.jpg,35,1,1,1,0,0,[0.9395657181739807],[0.9852937343390044],,results/final/predictions/yolov8n/35__img_649_jpg.rf.cbf0f47b01e169bc3f07086df00c7a17.json,
yolov8n,_img_521_jpg.rf.3531d67a65d11e1e1196cdd157dfcf01.jpg,36,1,0,0,0,1,[],[],,results/final/predictions/yolov8n/36__img_521_jpg.rf.3531d67a65d11e1e1196cdd157dfcf01.json,results/final/fn_samples/yolov8n_36__img_521_jpg.rf.3531d67a65d11e1e1196cdd157dfcf01.png
yolov8n,_img_508_jpg.rf.db8bfdfe42b3c42ed61c36c9a5e2c6bf.jpg,37,1,1,1,0,0,[0.9603369832038879],[0.9636069729662331],,results/final/predictions/yolov8n/37__img_508_jpg.rf.db8bfdfe42b3c42ed61c36c9a5e2c6bf.json,
yolov8n,_img_578_jpg.rf.4e4ba12752c56d8ff384468deeafb268.jpg,38,1,1,1,0,0,[0.9342285394668579],[0.9679480205164],,results/final/predictions/yolov8n/38__img_578_jpg.rf.4e4ba12752c56d8ff384468deeafb268.json,
yolov8n,_img_523_jpg.rf.7bde118ea7a55ba8f9eebd9411c09adf.jpg,39,0,0,0,0,0,[],[],,results/final/predictions/yolov8n/39__img_523_jpg.rf.7bde118ea7a55ba8f9eebd9411c09adf.json,
yolov8n,_img_183_jpg.rf.b5a23621f6618fa954ea84eb6222e515.jpg,40,0,0,0,0,0,[],[],,results/final/predictions/yolov8n/40__img_183_jpg.rf.b5a23621f6618fa954ea84eb6222e515.json,
yolov8n,_img_640_jpg.rf.5e51012546b8bfca0c3338b632404cb1.jpg,41,1,1,1,0,0,[0.9629991054534912],[0.9898450953527769],,results/final/predictions/yolov8n/41__img_640_jpg.rf.5e51012546b8bfca0c3338b632404cb1.json,
